industry,score,a_weighted_rating,a_visibility,a_spread,a_volume,a_time,a_length,a_score
automotive-automotive-other,0.693456210768852,0.800508673406529,0.0,0.45,0.45,1.0,0.708812260536399,0.693456210768852
automotive-automotive-other,0.701797291947439,0.899243370723261,0.0,0.88,0.275,0.285714285714286,0.461538461538462,0.701797291947439
automotive-automotive-other,0.721534569224791,0.617104285874213,0.0,0.598076923076923,0.675,1.0,0.459302325581395,0.721534569224791
automotive-automotive-other,0.744119642857143,1.0,0.0,0.5,0.475,0.642857142857143,0.736842105263158,0.744119642857143
automotive-automotive-other,0.751384668241826,0.996440454544235,0.0,0.348245614035088,0.475,1.0,0.192982456140351,0.751384668241826
automotive-automotive-other,0.773063329326596,0.840841115691487,0.0,0.88,0.6,0.821428571428571,0.628571428571429,0.773063329326596
automotive-automotive-other,0.774763680197793,0.84931235014502,0.0,0.88,0.65,1.0,0.75,0.774763680197793
automotive-automotive-other,0.788172184460592,0.907483908788999,0.0,0.561494252873563,0.575,1.0,0.617391304347826,0.788172184460592
automotive-automotive-other,0.808466405465495,0.963082229444482,0.0,0.462857142857143,0.57,1.0,0.280898876404494,0.808466405465495
automotive-automotive-other,0.845101989662417,0.964802336509867,0.0,0.653333333333333,0.67,1.0,0.425287356321839,0.845101989662417
automotive-dealer,0.866585070352288,0.936721080497514,0.0,0.630924369747899,0.772727272727273,1.0,0.695876288659794,0.866585070352288
automotive-dealer,0.867890643244255,0.932931986640584,0.0,0.549521072796935,0.87,1.0,0.77593670697119,0.867890643244255
automotive-dealer,0.869550783024196,0.929892024556004,0.0,0.760108303249098,0.912121212121212,0.991341991341991,0.609195402298851,0.869550783024196
automotive-dealer,0.870004776105872,0.917984973019935,0.0,0.603711083437111,0.936060606060606,1.0,0.551498127340824,0.870004776105872
automotive-dealer,0.873616785587389,0.891387798851375,0.0,0.769761904761905,0.837437396472766,1.0,0.664536741214058,0.873616785587389
automotive-dealer,0.877413669930142,0.959963550183952,0.0,0.57590015128593,0.85,1.0,0.773933102652826,0.877413669930142
automotive-dealer,0.884247212993367,0.967524526976454,0.0,0.668571428571429,0.802424242424243,1.0,0.479057591623037,0.884247212993367
automotive-dealer,0.891174566176458,0.89627468513425,0.0,0.802226720647773,0.93,1.0,0.701704545454545,0.891174566176458
automotive-dealer,0.894174456681328,0.950425885502596,0.0,0.665223097112861,0.93,1.0,0.637339055793991,0.894174456681328
automotive-dealer,0.897303787427201,0.929892024556004,0.0,0.760108303249098,0.925900025900026,1.0,0.609195402298851,0.897303787427201
automotive-oem,0.727009607579329,0.949798472334844,0.0,0.41,0.41,0.535714285714286,0.857142857142857,0.727009607579329
automotive-oem,0.729600218756718,0.899196035154351,0.0,0.304490161001789,0.57,1.0,0.835755813953488,0.729600218756718
automotive-oem,0.730968241156926,0.875319939238088,0.0,0.416802721088435,0.435,1.0,0.592105263157895,0.730968241156926
automotive-oem,0.731135481534616,0.864990128673551,0.0,0.422345679012346,0.435,1.0,0.701030927835052,0.731135481534616
automotive-oem,0.739513642581737,0.89111501458004,0.0,0.391764705882353,0.405,1.0,0.21875,0.739513642581737
automotive-oem,0.740276306656272,0.983771466226903,0.0,0.38,0.38,1.0,0.161616161616162,0.740276306656272
automotive-oem,0.743330711224108,0.963329297193199,0.0,0.138974358974359,0.435,1.0,0.794285714285714,0.743330711224108
automotive-oem,0.758241294422664,0.988988089054702,0.0,0.38,0.38,0.857142857142857,0.448979591836735,0.758241294422664
automotive-oem,0.770649841452348,0.94588850138428,0.0,0.41,0.41,0.857142857142857,0.863905325443787,0.770649841452348
automotive-oem,0.810438250940747,0.934009696958765,0.0,0.6,0.535,0.964285714285714,0.675,0.810438250940747
automotive-parts,0.734693530985090,0.92525405130356,0.0,0.38,0.38,1.0,0.661290322580645,0.734693530985090
automotive-parts,0.735363375893981,0.797545435315269,0.0,0.546153846153846,0.575,1.0,0.661971830985916,0.735363375893981
automotive-parts,0.737248303386882,0.93594217577892,0.0,0.38,0.38,1.0,0.723404255319149,0.737248303386882
automotive-parts,0.740174580380515,0.876275748158679,0.0,0.88,0.4,0.5,0.75,0.740174580380515
automotive-parts,0.741625306367050,0.936202828165217,0.0,0.5,0.5,0.714285714285714,0.423076923076923,0.741625306367050
automotive-parts,0.747879095826262,0.672560432152162,0.0,0.788461538461538,0.875,1.0,0.584615384615385,0.747879095826262
automotive-parts,0.752292667541076,0.883950665931113,0.0,0.686666666666667,0.42,0.785714285714286,0.714285714285714,0.752292667541076
automotive-parts,0.785673265190331,0.7674226222001,0.0,0.9,0.82,0.714285714285714,0.880952380952381,0.785673265190331
automotive-parts,0.834787629399586,1.0,0.0,0.88,0.55,0.714285714285714,0.695652173913044,0.834787629399586
automotive-parts,0.841114920058615,0.821003553259781,0.0,0.88,0.88,0.964285714285714,0.622950819672131,0.841114920058615
automotive-rental,0.876743792677831,0.89253052204356,0.0,0.795833333333333,1.0,1.0,0.686320754716981,0.876743792677831
automotive-rental,0.876870535465283,0.842779861934515,0.0,0.963850415512465,1.0,1.0,0.697336561743341,0.876870535465283
automotive-rental,0.877131014832626,0.993022996243906,0.0,0.9,0.733333333333333,0.952380952380952,0.431818181818182,0.877131014832626
automotive-rental,0.879076705955946,0.894517907534495,0.0,0.900408163265306,0.95,1.0,0.642172523961661,0.879076705955946
automotive-rental,0.880669379889790,0.91051803210578,0.0,0.806933797909408,1.0,1.0,0.607250755287009,0.880669379889790
automotive-rental,0.882580683587374,0.91755257620107,0.0,0.9,0.9,1.0,0.632,0.882580683587374
automotive-rental,0.884636501970601,0.946302530895344,0.0,0.88,0.83,1.0,0.660194174757282,0.884636501970601
automotive-rental,0.892304736237020,0.924900768231814,0.0,0.907246376811594,0.933333333333333,1.0,0.618556701030928,0.892304736237020
automotive-rental,0.896234014069391,0.925887125824825,0.0,0.886890380313199,0.95,1.0,0.650485436893204,0.896234014069391
automotive-rental,0.897413369864721,0.945937496091779,0.0,0.910416666666667,0.933333333333333,1.0,0.54,0.897413369864721
automotive-repair-&-service,0.828281991330400,0.998756324326187,0.0,0.544776119402985,0.575,1.0,0.623655913978495,0.828281991330400
automotive-repair-&-service,0.832785714285715,1.0,0.0,0.88,0.65,0.714285714285714,0.678571428571429,0.832785714285715
automotive-repair-&-service,0.833356970071198,0.957454364212765,0.0,0.642857142857143,0.65,1.0,0.672727272727273,0.833356970071198
automotive-repair-&-service,0.856948053397619,0.971876132648372,0.0,0.88,0.825,0.714285714285714,0.613636363636364,0.856948053397619
automotive-repair-&-service,0.859398608523238,0.956502850975851,0.0,0.88,0.855,0.571428571428571,0.819444444444444,0.859398608523238
automotive-repair-&-service,0.859732466536009,0.936660589459948,0.0,0.88,0.85,0.857142857142857,0.7,0.859732466536009
automotive-repair-&-service,0.865803957290334,0.986682012496337,0.0,0.88,0.725,0.785714285714286,0.74468085106383,0.865803957290334
automotive-repair-&-service,0.887574294532462,0.936664157836857,0.0,0.9,0.87,0.857142857142857,0.68,0.887574294532462
automotive-tires,0.233711011043535,0.498489600609949,0.0,0.58,0.06,0.214285714285714,0.0,0.233711011043535
automotive-tires,0.267825491071429,1.0,0.0,0.3,0.0375,0.178571428571429,0.0,0.267825491071429
automotive-tires,0.285438829780477,0.251295433306448,0.0,0.58,0.2,0.035714285714286,0.555555555555556,0.285438829780477
automotive-tires,0.332685243141129,0.373872816944483,0.0,0.3,0.2,0.357142857142857,0.357142857142857,0.332685243141129
automotive-tires,0.449728399546734,0.355119640397676,0.0,0.511304347826087,0.32,0.857142857142857,0.407407407407407,0.449728399546734
automotive-tires,0.503465070750922,0.379189582612283,0.0,0.519230769230769,0.525,1.0,0.28,0.503465070750922
automotive-tires,0.503986532717704,0.322475617958306,0.0,0.549382716049383,0.6,1.0,0.235714285714286,0.503986532717704
automotive-tires,0.511728347205554,0.428811394759552,0.0,0.675172413793103,0.745,0.357142857142857,0.561224489795918,0.511728347205554
automotive-tires,0.691127551875885,0.940372803462331,0.0,0.448965517241379,0.43,0.321428571428572,0.741176470588235,0.691127551875885
automotive-tires,0.720441202403951,0.931835556995581,0.0,0.426511627906977,0.43,0.714285714285714,0.770992366412214,0.720441202403951
beauty-beauty-other,0.664947895012286,0.992693618437274,0.0,0.5,0.25,0.142857142857143,0.615384615384615,0.664947895012286
beauty-beauty-other,0.712767544543863,0.996394934582023,0.0,0.533846153846154,0.325,0.321428571428572,0.791666666666667,0.712767544543863
beauty-beauty-other,0.728658911724871,0.838586786523193,0.0,0.9,0.52,0.428571428571429,0.619047619047619,0.728658911724871
beauty-beauty-other,0.752797970779221,1.0,0.0,0.88,0.225,0.392857142857143,0.6,0.752797970779221
beauty-beauty-other,0.756147095976871,0.926413045354223,0.0,0.88,0.475,0.285714285714286,0.966666666666667,0.756147095976871
beauty-beauty-other,0.758699899236369,0.97609983597658,0.0,0.595238095238095,0.6,0.607142857142857,0.715789473684211,0.758699899236369
beauty-beauty-other,0.760238887406226,0.882188308526671,0.0,0.88,0.755,0.357142857142857,0.893333333333333,0.760238887406226
beauty-beauty-other,0.767041933698716,0.894906071517273,0.0,0.88,0.525,0.5,0.810810810810811,0.767041933698716
beauty-beauty-other,0.778165358806845,0.947748197769082,0.0,0.88,0.55,0.285714285714286,0.827586206896552,0.778165358806845
beauty-beauty-other,0.832003546274407,0.996914829429836,0.0,0.9,0.75,0.392857142857143,0.711538461538462,0.832003546274407
beauty-hair-grooming,0.339205982142857,1.0,0.0,0.3,0.0375,0.178571428571429,0.25,0.339205982142857
beauty-hair-grooming,0.363347169230732,0.465603436523401,0.0,0.43,0.1575,0.5,0.227272727272727,0.363347169230732
beauty-hair-grooming,0.417068816129688,0.324136377539987,0.0,0.43,0.425,0.892857142857143,0.64,0.417068816129688
beauty-hair-grooming,0.472967917479007,0.443627625424647,0.0,0.473478260869565,0.425,0.892857142857143,0.533333333333333,0.472967917479007
beauty-hair-grooming,0.487046221871773,0.627691124954857,0.0,0.505,0.2,0.142857142857143,0.772727272727273,0.487046221871773
beauty-hair-grooming,0.686010091358034,0.788154532673638,0.0,0.473333333333333,0.555,0.75,0.813333333333333,0.686010091358034
beauty-hair-grooming,0.699508672469724,0.744719371451535,0.0,0.744117647058824,0.7,0.428571428571429,0.51,0.699508672469724
beauty-hair-grooming,0.755735119047619,1.0,0.0,0.38,0.38,1.0,0.8125,0.755735119047619
beauty-hair-grooming,0.763770321040789,0.901707806722206,0.0,0.93,0.55,0.214285714285714,0.626666666666667,0.763770321040789
beauty-skin-care,0.664617070252330,0.88844160695613,0.0,0.38,0.38,0.571428571428571,0.725,0.664617070252330
beauty-skin-care,0.664963121521499,0.935975020180454,0.0,0.176231884057971,0.265,1.0,0.821428571428571,0.664963121521499
beauty-skin-care,0.667555253487377,0.761913316312256,0.0,0.691666666666667,0.575,0.428571428571429,0.59375,0.667555253487377
beauty-skin-care,0.669681174670486,0.996771185754474,0.0,0.38,0.38,0.214285714285714,0.222222222222222,0.669681174670486
beauty-skin-care,0.698938162149913,0.954145675799516,0.0,0.58,0.25,0.678571428571429,0.6,0.698938162149913
beauty-skin-care,0.703070422640164,0.903852027382854,0.0,0.397341040462428,0.455,1.0,0.668161434977579,0.703070422640164
beauty-skin-care,0.718814305986615,0.945275912728284,0.0,0.4425,0.455,0.5,0.635294117647059,0.718814305986615
beauty-skin-care,0.719385088923367,0.671260622782834,0.0,0.9,0.87,0.571428571428571,0.586956521739131,0.719385088923367
beauty-skin-care,0.741699862604493,0.936587095201233,0.0,0.38,0.38,1.0,0.72,0.741699862604493
beauty-skin-care,0.786195665213514,0.996567089654259,0.0,0.41968253968254,0.505,1.0,0.672955974842767,0.786195665213514
beauty-spa,0.676507213305955,0.884446342760098,0.0,0.412258064516129,0.405,0.75,0.838709677419355,0.676507213305955
beauty-spa,0.681369387723386,0.874504424876729,0.0,0.38,0.38,0.714285714285714,0.857142857142857,0.681369387723386
beauty-spa,0.683113826216449,0.811969371533289,0.0,0.43,0.43,1.0,0.711538461538462,0.683113826216449
beauty-spa,0.683469683955971,0.936130924192259,0.0,0.38,0.38,0.642857142857143,0.903225806451613,0.683469683955971
beauty-spa,0.685250880035919,0.933378793837405,0.0,0.43,0.405,0.571428571428571,0.628571428571429,0.685250880035919
beauty-spa,0.704357388297919,0.840040100684699,0.0,0.57,0.47,0.857142857142857,0.379310344827586,0.704357388297919
beauty-spa,0.707036732996707,0.874545383770493,0.0,0.43,0.43,0.857142857142857,0.529411764705882,0.707036732996707
beauty-spa,0.709980033652328,0.918439683127835,0.0,0.7125,0.395,0.357142857142857,0.75,0.709980033652328
beauty-spa,0.721401244667464,0.838902908885548,0.0,0.608461538461539,0.52,0.857142857142857,0.255813953488372,0.721401244667464
beauty-spa,0.745363463661321,0.938277088886053,0.0,0.445573770491803,0.48,1.0,0.851851851851852,0.745363463661321
default-default,0.778151016952991,0.860341816788974,0.0,0.605882352941176,0.725,0.964285714285714,0.323232323232323,0.778151016952991
default-default,0.778168750000000,1.0,0.0,0.5,0.5,1.0,0.05,0.778168750000000
default-default,0.779805057499199,0.966113951877961,0.0,0.566666666666667,0.55,0.892857142857143,0.390243902439024,0.779805057499199
default-default,0.782030918973420,0.98302487743803,0.0,0.553571428571429,0.575,0.857142857142857,0.287878787878788,0.782030918973420
default-default,0.784537400339543,0.999999895959927,0.0,0.50763358778626,0.525,1.0,0.072463768115942,0.784537400339543
default-default,0.787783047938860,0.974201523898111,0.0,0.535714285714286,0.575,1.0,0.2,0.787783047938860
default-default,0.792117891477503,0.986630645364596,0.0,0.520408163265306,0.55,1.0,0.156862745098039,0.792117891477503
default-default,0.812372260711525,0.989120753889491,0.0,0.558139534883721,0.625,1.0,0.168539325842697,0.812372260711525
default-default,0.834556164896709,0.976041164944228,0.0,0.585365853658537,0.675,1.0,0.311111111111111,0.834556164896709
default-default,0.851549795626892,0.814753186204403,0.0,0.95,0.95,1.0,0.483870967741936,0.851549795626892
education-education-other,0.753055946078265,0.983773806510681,0.0,0.88,0.4,0.214285714285714,0.918918918918919,0.753055946078265
education-education-other,0.761665019004069,0.967672882045918,0.0,0.52,0.52,1.0,0.763440860215054,0.761665019004069
education-education-other,0.764909325062692,0.909897240415968,0.0,0.758095238095238,0.52,0.714285714285714,0.758620689655172,0.764909325062692
education-education-other,0.765506468253968,1.0,0.0,0.583333333333333,0.55,0.428571428571429,0.916666666666667,0.765506468253968
education-education-other,0.766466926682255,0.972049609812448,0.0,0.543478260869565,0.525,0.714285714285714,0.890909090909091,0.766466926682255
education-education-other,0.766639560439560,1.0,0.0,0.9,0.47,0.142857142857143,0.692307692307692,0.766639560439560
education-education-other,0.772828132500854,0.818709049801337,0.0,0.73,0.805,0.857142857142857,0.653333333333333,0.772828132500854
education-education-other,0.774922367867782,0.92942036902907,0.0,0.9,0.47,0.535714285714286,0.727272727272727,0.774922367867782
education-education-other,0.778802658401438,0.994320584646858,0.0,0.88,0.35,0.428571428571429,0.857142857142857,0.778802658401438
education-education-other,0.781924194453241,0.96768624587464,0.0,0.5,0.5,0.857142857142857,0.909090909090909,0.781924194453241
entertainment-amusement-park,0.503776692906803,0.390594733744957,0.0,0.648936170212766,0.675,0.428571428571429,0.382716049382716,0.503776692906803
entertainment-amusement-park,0.544075099618657,0.393365070509301,0.0,0.239655172413793,0.93,1.0,0.077562326869806,0.544075099618657
entertainment-amusement-park,0.578787868240742,0.242784284777923,0.0,0.88,0.88,0.857142857142857,0.723684210526316,0.578787868240742
entertainment-amusement-park,0.582258519313708,0.30844380917757,0.0,0.342134831460674,0.93,1.0,0.123737373737374,0.582258519313708
entertainment-amusement-park,0.640347690634441,0.468075015377229,0.0,0.694418604651163,0.895,1.0,0.300699300699301,0.640347690634441
entertainment-amusement-park,0.651489648032487,0.599798505922375,0.0,0.694444444444444,0.675,0.928571428571429,0.305555555555556,0.651489648032487
entertainment-amusement-park,0.710814593601227,0.53009803691597,0.0,0.88,0.88,1.0,0.493506493506494,0.710814593601227
entertainment-live-performance-&-sports,0.492531444783610,0.235399721089016,0.0,0.56,0.93,1.0,0.270408163265306,0.492531444783610
entertainment-live-performance-&-sports,0.501812206575830,0.3529528653543,0.0,0.423684210526316,0.78,1.0,0.277904328018223,0.501812206575830
entertainment-live-performance-&-sports,0.503207412406167,0.392993584291323,0.0,0.453225806451613,0.675,0.928571428571429,0.256880733944954,0.503207412406167
entertainment-live-performance-&-sports,0.520850663309474,0.344454693890649,0.0,0.454761904761905,0.855,1.0,0.321428571428572,0.520850663309474
entertainment-live-performance-&-sports,0.522949729402283,0.314591606218081,0.0,0.513576158940397,0.95,1.0,0.326470588235294,0.522949729402283
entertainment-live-performance-&-sports,0.523113941276094,0.340532860399147,0.0,0.466666666666667,0.93,1.0,0.330960854092527,0.523113941276094
entertainment-live-performance-&-sports,0.526519221398257,0.24888302491001,0.0,0.679065420560748,0.88,1.0,0.825,0.526519221398257
entertainment-live-performance-&-sports,0.528662183981104,0.354727921733317,0.0,0.502702702702703,0.93,1.0,0.24582338902148,0.528662183981104
entertainment-live-performance-&-sports,0.542169831599407,0.302905240590473,0.0,0.652222222222222,0.93,1.0,0.393139841688654,0.542169831599407
entertainment-live-performance-&-sports,0.559707226431680,0.374897120655262,0.0,0.68953488372093,0.7,0.5,0.139593908629442,0.559707226431680
entertainment-museums-and-parks,0.561312033132850,0.550973218620391,0.0,0.226378874900166,0.715185185,1.0,0.68421052631579,0.561312033132850
entertainment-museums-and-parks,0.565793110999653,0.488995078900179,0.0,0.403194629077025,0.735185185,1.0,0.731699012597889,0.565793110999653
entertainment-museums-and-parks,0.578901432039672,0.482246091024445,0.0,0.549202047341464,0.715185185,1.0,0.612359550561798,0.578901432039672
entertainment-museums-and-parks,0.581534267015358,0.483030930938895,0.0,0.497254493284182,0.715185185,1.0,0.680263157894737,0.581534267015358
entertainment-museums-and-parks,0.588915817238638,0.484885283722891,0.0,0.563837616302932,0.715185185,1.0,0.711836734693878,0.588915817238638
entertainment-museums-and-parks,0.597198640547325,0.656653002484363,0.0,0.495432099,0.495432099,1.0,0.219354838709677,0.597198640547325
entertainment-museums-and-parks,0.604924102097516,0.763309249165661,0.0,0.330617284,0.330617284,1.0,0.024590163934426,0.604924102097516
entertainment-museums-and-parks,0.615687093469063,0.596479543597537,0.0,0.419716775784314,0.715185185,1.0,0.695652173913044,0.615687093469063
entertainment-museums-and-parks,0.618599468309123,0.581468818719011,0.0,0.252051958452009,0.715185185,1.0,0.707306140744061,0.618599468309123
entertainment-museums-and-parks,0.704338391318708,0.813529603986275,0.0,0.232662916265823,0.715185185,1.0,0.566188413643747,0.704338391318708
entertainment-other,0.467297890668090,0.452654363103749,0.0,0.88,0.25,0.392857142857143,0.076923076923077,0.467297890668090
entertainment-other,0.474833695158422,0.442542861046369,0.0,0.38,0.38,1.0,0.776119402985075,0.474833695158422
entertainment-other,0.485196148956581,0.159908446166452,0.0,0.738585858585859,0.88,1.0,0.679525222551929,0.485196148956581
entertainment-other,0.485867868639752,0.436109413489213,0.0,0.273021582733813,0.505,0.928571428571429,0.110119047619048,0.485867868639752
entertainment-other,0.487265902125314,0.314202874803348,0.0,0.758854625550661,0.88,1.0,0.690476190476191,0.487265902125314
entertainment-other,0.507112118136882,0.262033860099304,0.0,0.88,0.575,1.0,0.666666666666667,0.507112118136882
entertainment-other,0.563040880256695,0.566305339345069,0.0,0.296913580246914,0.55,1.0,0.123456790123457,0.563040880256695
entertainment-other,0.584159247148220,0.474443457922289,0.0,0.211616161616162,0.93,1.0,0.117845117845118,0.584159247148220
entertainment-other,0.606010635425682,0.713965634199732,0.0,0.245876288659794,0.525,1.0,0.086792452830189,0.606010635425682
entertainment-other,0.701989363813422,0.855340023516561,0.0,0.15,0.5,1.0,0.138888888888889,0.701989363813422
financial-services-accounting,0.355228795215820,1.0,0.0,0.046565625,0.035,0.0,0.0,0.355228795215820
financial-services-accounting,0.370886311914609,0.967646546475168,0.0,0.034712,0.05,0.071428571428571,0.0,0.370886311914609
financial-services-accounting,0.374561333984782,0.928813074135833,0.0,0.0458945,0.04,0.0,0.0,0.374561333984782
financial-services-accounting,0.400567090234375,1.0,0.0,0.2415625,0.0525,0.142857142857143,0.2,0.400567090234375
financial-services-accounting,0.445310435718203,1.0,0.0,0.045228625,0.045,0.035714285714286,0.0,0.445310435718203
financial-services-accounting,0.473163584843750,1.0,0.0,0.0432625,0.05,0.0,0.0,0.473163584843750
financial-services-accounting,0.476507487069671,1.0,0.0,0.0432625,0.05,0.0,0.0,0.476507487069671
financial-services-accounting,0.477829207418797,1.0,0.0,0.043912625,0.05,0.0,0.0,0.477829207418797
financial-services-accounting,0.488592394538667,1.0,0.0,0.044568,0.05,0.0,0.0,0.488592394538667
financial-services-accounting,0.572490080239293,0.661427657514746,0.0,0.43,0.43,0.666666666666667,0.5625,0.572490080239293
financial-services-banks,0.599870436325016,0.880882884926274,0.0,0.38,0.3,0.142857142857143,0.333333333333333,0.599870436325016
financial-services-banks,0.601354078844179,0.745422308444604,0.0,0.513333333333333,0.375,0.214285714285714,0.814285714285714,0.601354078844179
financial-services-banks,0.607119642857143,1.0,0.0,0.522857142857143,0.1575,0.357142857142857,0.583333333333333,0.607119642857143
financial-services-banks,0.610663223316599,0.93635778868614,0.0,0.38,0.2,0.142857142857143,0.909090909090909,0.610663223316599
financial-services-banks,0.622831250000000,1.0,0.0,0.38,0.2,0.0,0.375,0.622831250000000
financial-services-banks,0.634832013961937,0.599483236913768,0.0,0.636363636363636,0.55,1.0,0.304347826086957,0.634832013961937
financial-services-banks,0.645106006426198,0.927293599120521,0.0,0.602222222222222,0.225,0.178571428571429,0.791666666666667,0.645106006426198
financial-services-banks,0.703347982404241,0.904240751502418,0.0,0.5,0.45,0.678571428571429,0.238095238095238,0.703347982404241
financial-services-banks,0.731057758189889,0.774366268858273,0.0,0.633492063492064,0.67,1.0,0.538461538461538,0.731057758189889
financial-services-banks,0.850722998007833,0.903517918824475,0.0,0.766666666666667,0.88,1.0,0.474178403755869,0.850722998007833
financial-services-financial-services-other,0.611427592231993,0.915630056659446,0.0,0.491111111111111,0.225,0.035714285714286,0.538461538461538,0.611427592231993
financial-services-financial-services-other,0.619088598495219,0.958895390788026,0.0,0.38,0.2,0.071428571428571,0.769230769230769,0.619088598495219
financial-services-financial-services-other,0.629269378306878,1.0,0.0,0.38,0.225,0.142857142857143,0.555555555555556,0.629269378306878
financial-services-financial-services-other,0.639538935096574,0.814661076463425,0.0,0.55,0.375,0.857142857142857,0.619047619047619,0.639538935096574
financial-services-financial-services-other,0.658795238095238,1.0,0.0,0.38,0.225,0.214285714285714,0.666666666666667,0.658795238095238
financial-services-financial-services-other,0.659061958786976,0.914837597059292,0.0,0.561818181818182,0.275,0.285714285714286,0.583333333333333,0.659061958786976
financial-services-financial-services-other,0.659341071428572,1.0,0.0,0.38,0.25,0.214285714285714,0.7,0.659341071428572
financial-services-financial-services-other,0.671876408820672,0.830214782682871,0.0,0.45,0.45,0.5,0.444444444444444,0.671876408820672
financial-services-financial-services-other,0.686706977402550,0.853931454738422,0.0,0.88,0.3,0.392857142857143,0.076923076923077,0.686706977402550
financial-services-financial-services-other,0.807902308432769,0.988241315422327,0.0,0.602222222222222,0.53,0.857142857142857,0.6875,0.807902308432769
financial-services-insurance,0.693572430948691,0.907784430741917,0.0,0.563478260869565,0.57,0.0,0.358490566037736,0.693572430948691
financial-services-insurance,0.701840953843064,0.992744289837284,0.0,0.603333333333333,0.295,0.357142857142857,0.5,0.701840953843064
financial-services-insurance,0.703899086224701,0.959859656980503,0.0,0.7575,0.395,0.392857142857143,0.352941176470588,0.703899086224701
financial-services-insurance,0.704468998448821,0.979066955046186,0.0,0.52,0.52,0.214285714285714,0.392857142857143,0.704468998448821
financial-services-insurance,0.707455932703934,0.933512094426382,0.0,0.527027027027027,0.525,0.357142857142857,0.315789473684211,0.707455932703934
financial-services-insurance,0.714819430305475,0.989753449980494,0.0,0.88,0.2,0.214285714285714,0.5,0.714819430305475
financial-services-insurance,0.723667570522614,0.981664653549947,0.0,0.722222222222222,0.45,0.035714285714286,0.756756756756757,0.723667570522614
financial-services-insurance,0.726147906361004,0.972316067353085,0.0,0.519047619047619,0.55,0.357142857142857,0.373831775700935,0.726147906361004
financial-services-insurance,0.731200928848655,0.875813703987727,0.0,0.681111111111111,0.745,0.071428571428571,0.352112676056338,0.731200928848655
financial-services-insurance,0.878098918632306,0.947599864174789,0.0,0.788095238095238,0.8,0.928571428571429,0.551020408163265,0.878098918632306
health-care-dentists,0.758013889118401,1.0,0.0,0.562631578947368,0.435,0.464285714285714,0.836734693877551,0.758013889118401
health-care-dentists,0.763461781088975,0.987424060732921,0.0,0.623478260869565,0.475,0.464285714285714,0.6,0.763461781088975
health-care-dentists,0.768803190331578,0.993441732845743,0.0,0.334745762711864,0.375,1.0,0.463768115942029,0.768803190331578
health-care-dentists,0.774454014165022,0.952228359430816,0.0,0.66,0.66,0.476190476190476,0.272727272727273,0.774454014165022
health-care-dentists,0.788199918752101,0.999923161395417,0.0,0.368947368421053,0.44,1.0,0.291666666666667,0.788199918752101
health-care-dentists,0.796777476100595,0.991417939866645,0.0,0.707619047619048,0.475,1.0,0.571428571428571,0.796777476100595
health-care-dentists,0.803839268554237,0.994668542328854,0.0,0.49,0.535,0.964285714285714,0.444444444444444,0.803839268554237
health-care-dentists,0.810502282751860,0.987419177032646,0.0,0.54,0.545,1.0,0.564516129032258,0.810502282751860
health-care-dentists,0.819792922791326,0.982213205515874,0.0,0.586216216216216,0.57,0.857142857142857,0.324324324324324,0.819792922791326
health-care-dentists,0.824712301478345,0.983096760808018,0.0,0.604492753623188,0.615,1.0,0.5,0.824712301478345
health-care-health-care-other,0.604594414365511,0.999968858982075,0.0,0.15,0.15,0.190476190476191,0.886792452830189,0.604594414365511
health-care-health-care-other,0.615398785346261,0.730373795781391,0.0,0.17,0.17,1.0,0.751780264496439,0.615398785346261
health-care-health-care-other,0.615504633230359,0.919061438391667,0.0,0.250909090909091,0.185,0.571428571428571,0.30952380952381,0.615504633230359
health-care-health-care-other,0.618407447719322,0.999274727882013,0.0,0.274815254237288,0.175,0.392857142857143,0.105263157894737,0.618407447719322
health-care-health-care-other,0.629326464940476,1.0,0.0,0.1844,0.1,0.928571428571429,0.416666666666667,0.629326464940476
health-care-health-care-other,0.652649063719098,0.886367252086797,0.0,0.3,0.255,0.857142857142857,0.711111111111111,0.652649063719098
health-care-health-care-other,0.658373500960863,0.974248120023192,0.0,0.252631578947368,0.225,0.428571428571429,0.473684210526316,0.658373500960863
health-care-health-care-other,0.694759449549331,0.939426616131535,0.0,0.33,0.305,0.857142857142857,0.147058823529412,0.694759449549331
health-care-health-care-other,0.695389271493982,0.995396206058824,0.0,0.37,0.325,0.321428571428572,0.722222222222222,0.695389271493982
health-care-health-care-other,0.731594303867743,0.99282505109112,0.0,0.306382978723404,0.325,0.857142857142857,0.4,0.731594303867743
health-care-home-care,0.507443229505058,0.882931683360999,0.0,0.24,0.1575,0.214285714285714,0.857142857142857,0.507443229505058
health-care-home-care,0.533905173304224,0.971172700793299,0.0,0.1937145,0.045,0.285714285714286,0.636363636363636,0.533905173304224
health-care-home-care,0.568979090509189,0.990315308225927,0.0,0.24,0.1575,0.428571428571429,0.571428571428571,0.568979090509189
health-care-home-care,0.577647873221398,0.938233136444412,0.0,0.24,0.24,0.0,0.545454545454545,0.577647873221398
health-care-home-care,0.591016285915635,0.851695044142696,0.0,0.43,0.3,0.142857142857143,1.0,0.591016285915635
health-care-home-care,0.623771428571429,1.0,0.0,0.31,0.265,0.035714285714286,0.5,0.623771428571429
health-care-home-care,0.624035323763021,0.995389549629748,0.0,0.43,0.2,0.0,0.444444444444444,0.624035323763021
health-care-home-care,0.627469700784947,0.993838511524604,0.0,0.31,0.225,0.214285714285714,0.111111111111111,0.627469700784947
health-care-home-care,0.632968740394016,0.814519609324955,0.0,0.252393162393162,0.38,1.0,0.1,0.632968740394016
health-care-home-care,0.695847847467779,0.987994860386643,0.0,0.45,0.245,0.642857142857143,0.714285714285714,0.695847847467779
health-care-hospitals-&-facilities,0.739644530958545,0.926412658439764,0.0,0.57,0.403333333333333,0.714285714285714,0.529411764705882,0.739644530958545
health-care-hospitals-&-facilities,0.753509346148347,0.855456915810184,0.0,0.530246913580247,0.666666666666667,1.0,0.278947368421053,0.753509346148347
health-care-hospitals-&-facilities,0.763619092255264,0.952714071021346,0.0,0.56,0.5,0.976190476190476,0.310344827586207,0.763619092255264
health-care-hospitals-&-facilities,0.766410774325476,0.846689484223443,0.0,0.71,0.593333333333333,0.80952380952381,0.743243243243243,0.766410774325476
health-care-hospitals-&-facilities,0.771407270196568,0.97015137124885,0.0,0.76,0.4,0.904761904761905,0.56,0.771407270196568
health-care-hospitals-&-facilities,0.794982356997931,0.996515879937951,0.0,0.537857142857143,0.436666666666667,1.0,0.761061946902655,0.794982356997931
health-care-hospitals-&-facilities,0.798444520790784,0.995239028777779,0.0,0.71,0.526666666666667,0.523809523809524,0.872340425531915,0.798444520790784
health-care-hospitals-&-facilities,0.802225452615502,0.85725304937625,0.0,0.71,0.71,1.0,0.64622641509434,0.802225452615502
health-care-hospitals-&-facilities,0.803879701600017,0.999500706121682,0.0,0.76,0.366666666666667,0.857142857142857,0.787878787878788,0.803879701600017
health-care-hospitals-&-facilities,0.818244392422246,0.973989667202386,0.0,0.71,0.46,0.976190476190476,0.886075949367089,0.818244392422246
health-care-medical-spa,0.068123333333333,0.0,0.0,0.0,0.0,0.0,0.0,0.068123333333333
health-care-medical-spa,0.100000000000000,0.0,0.0,0.0,0.0,0.0,0.0,0.100000000000000
health-care-medical-spa,0.131665178571429,0.166666666666667,0.0,0.38,0.0075,0.071428571428571,1.0,0.131665178571429
health-care-medical-spa,0.443024798380598,0.316357713770842,0.0,0.513333333333333,0.505,0.642857142857143,0.784810126582278,0.443024798380598
health-care-optometrist-&-opthamologist,0.484181113589556,0.49584027809054,0.0,0.37,0.37,0.571428571428571,0.503597122302158,0.484181113589556
health-care-optometrist-&-opthamologist,0.487438036745703,0.975923120848532,0.0,0.15,0.12,0.678571428571429,0.333333333333333,0.487438036745703
health-care-optometrist-&-opthamologist,0.510342983324401,0.531730303142291,0.0,0.32,0.175,0.178571428571429,0.75,0.510342983324401
health-care-optometrist-&-opthamologist,0.538478054615114,0.455026058381297,0.0,0.48,0.48,1.0,0.460176991150443,0.538478054615114
health-care-optometrist-&-opthamologist,0.544334749258179,0.420974016146973,0.0,0.54,0.54,1.0,0.578947368421053,0.544334749258179
health-care-optometrist-&-opthamologist,0.587035944557962,0.997106244890443,0.0,0.17,0.108,0.5,0.153846153846154,0.587035944557962
health-care-optometrist-&-opthamologist,0.593332233855224,0.798045640161657,0.0,0.34,0.27,0.357142857142857,0.638888888888889,0.593332233855224
health-care-optometrist-&-opthamologist,0.598264313829544,0.995971729011584,0.0,0.41,0.1575,0.392857142857143,0.6,0.598264313829544
health-care-optometrist-&-opthamologist,0.624502238341556,0.97163674869403,0.0,0.32,0.295,0.0,0.814814814814815,0.624502238341556
health-care-optometrist-&-opthamologist,0.646470101219793,0.913871586892856,0.0,0.25,0.125,0.5,0.490566037735849,0.646470101219793
health-care-pediatricians,0.407455220747549,0.352748859120634,0.0,0.453846153846154,0.295,0.678571428571429,0.652173913043478,0.407455220747549
health-care-pediatricians,0.408947663908492,0.487872991618886,0.0,0.275238095238095,0.23,0.571428571428571,0.452830188679245,0.408947663908492
health-care-pediatricians,0.410543242297613,0.314586395000848,0.0,0.37,0.37,0.964285714285714,0.488372093023256,0.410543242297613
health-care-pediatricians,0.419629238924773,0.342795056278859,0.0,0.266666666666667,0.275,1.0,0.227848101265823,0.419629238924773
health-care-pediatricians,0.430647991219334,1.0,0.0,0.403926497562622,0.049,0.285714285714286,0.4,0.430647991219334
health-care-pediatricians,0.470504069138457,0.456855282160459,0.0,0.330297194521781,0.405,1.0,0.352941176470588,0.470504069138457
health-care-pediatricians,0.496298593845988,0.553177292204249,0.0,0.353255813953488,0.355,0.5,0.595744680851064,0.496298593845988
health-care-pediatricians,0.541144396162084,0.755482111250475,0.0,0.71,0.17,0.321428571428572,0.366666666666667,0.541144396162084
health-care-pediatricians,0.544062595853284,0.642621157116872,0.0,0.37,0.3,0.892857142857143,0.393939393939394,0.544062595853284
health-care-pediatricians,0.584256817036077,0.902642015776476,0.0,0.264630508474576,0.22,0.5,0.225806451612903,0.584256817036077
health-care-physicians,0.738102756450037,0.997638320265079,0.0,0.447037037037037,0.385,0.714285714285714,0.518518518518519,0.738102756450037
health-care-physicians,0.747359013777141,0.961432131627281,0.0,0.410909090909091,0.395,0.857142857142857,0.790322580645161,0.747359013777141
health-care-physicians,0.752126634923818,0.913117915846661,0.0,0.415347593582888,0.435,1.0,0.641304347826087,0.752126634923818
health-care-physicians,0.759919144354838,0.931487934689751,0.0,0.516393442622951,0.525,0.714285714285714,0.687898089171975,0.759919144354838
health-care-physicians,0.761400412633680,0.978807609271114,0.0,0.266666666666667,0.395,1.0,0.405940594059406,0.761400412633680
health-care-physicians,0.763755771645291,0.9999921648921,0.0,0.249382716049383,0.4,1.0,0.580838323353293,0.763755771645291
health-care-physicians,0.764532606479960,0.917749481708323,0.0,0.487431470154946,0.54,1.0,0.268817204301075,0.764532606479960
health-care-physicians,0.766613183463005,0.973911770958129,0.0,0.398181818181818,0.48,0.714285714285714,0.714285714285714,0.766613183463005
health-care-physicians,0.794891744405899,0.976495099248211,0.0,0.424594594594595,0.505,1.0,0.766169154228856,0.794891744405899
health-care-physicians,0.799663400959085,0.957657837621129,0.0,0.490833333333333,0.495,1.0,0.825174825174825,0.799663400959085
health-care-plastic-&-cosmetic-surgeons,0.544815705129587,0.874048203754795,0.0,0.212258064516129,0.205,0.357142857142857,0.467532467532468,0.544815705129587
health-care-plastic-&-cosmetic-surgeons,0.552149065390178,0.648437379317629,0.0,0.204545454545455,0.3,0.857142857142857,0.741573033707865,0.552149065390178
health-care-plastic-&-cosmetic-surgeons,0.557081492448147,0.763770024802257,0.0,0.3,0.275,0.357142857142857,0.571428571428571,0.557081492448147
health-care-plastic-&-cosmetic-surgeons,0.587987574928916,0.734463053846499,0.0,0.393478260869565,0.295,0.857142857142857,0.714285714285714,0.587987574928916
health-care-plastic-&-cosmetic-surgeons,0.607205993895586,0.761455680769174,0.0,0.259259259259259,0.275,1.0,0.734848484848485,0.607205993895586
health-care-plastic-&-cosmetic-surgeons,0.615400833967116,0.960473943638564,0.0,0.2,0.2,0.142857142857143,0.916666666666667,0.615400833967116
health-care-plastic-&-cosmetic-surgeons,0.629505895231620,0.928077310694495,0.0,0.390909090909091,0.245,0.25,0.636363636363636,0.629505895231620
health-care-plastic-&-cosmetic-surgeons,0.642864939380084,0.99857860650601,0.0,0.298823529411765,0.17,0.321428571428572,0.333333333333333,0.642864939380084
health-care-plastic-&-cosmetic-surgeons,0.661373788056472,0.961314781923188,0.0,0.15,0.15,1.0,0.777777777777778,0.661373788056472
health-care-plastic-&-cosmetic-surgeons,0.777819001365740,0.98078426684315,0.0,0.411666666666667,0.42,1.0,0.757575757575758,0.777819001365740
health-care-senior-care,0.736319831879471,0.950625562522619,0.0,0.64,0.4,0.642857142857143,0.692307692307692,0.736319831879471
health-care-senior-care,0.737806889951822,0.92796888822641,0.0,0.575217391304348,0.58,0.714285714285714,0.610169491525424,0.737806889951822
health-care-senior-care,0.745333809870104,0.917744935661945,0.0,0.67030303030303,0.55,0.392857142857143,0.790697674418605,0.745333809870104
health-care-senior-care,0.760418641844601,0.910415385939441,0.0,0.565789473684211,0.7,0.571428571428571,0.525252525252525,0.760418641844601
health-care-senior-care,0.761930980751708,0.907368053030587,0.0,0.583333333333333,0.55,0.857142857142857,0.64,0.761930980751708
health-care-senior-care,0.764709800279027,0.961122241946506,0.0,0.72,0.46,0.75,0.470588235294118,0.764709800279027
health-care-senior-care,0.768341739483123,0.93032053406096,0.0,0.659189189189189,0.645,0.5,0.775,0.768341739483123
health-care-senior-care,0.768491507656705,0.962072901408204,0.0,0.595555555555556,0.35,1.0,0.826086956521739,0.768491507656705
health-care-senior-care,0.792650054535845,0.910937943153342,0.0,0.698823529411765,0.525,1.0,0.885714285714286,0.792650054535845
health-care-senior-care,0.803350307779469,0.950814034699462,0.0,0.648235294117647,0.61,1.0,0.5,0.803350307779469
home-services-cleaning,0.633446946174272,0.969908041211502,0.0,0.88,0.1575,0.0,0.9,0.633446946174272
home-services-cleaning,0.637031245629718,0.694679645132633,0.0,0.88,0.4,0.392857142857143,0.730769230769231,0.637031245629718
home-services-cleaning,0.655461106770519,0.780887757027526,0.0,0.88,0.275,0.5,0.625,0.655461106770519
home-services-cleaning,0.656343206684564,0.83582605331063,0.0,0.665714285714286,0.35,0.321428571428572,0.666666666666667,0.656343206684564
home-services-cleaning,0.674104634544038,0.819967818581397,0.0,0.88,0.3,0.321428571428572,0.666666666666667,0.674104634544038
home-services-cleaning,0.694263093279847,0.977441855248201,0.0,0.5,0.5,0.0,0.739130434782609,0.694263093279847
home-services-cleaning,0.711404402181924,0.930300876311853,0.0,0.5,0.475,0.428571428571429,0.653061224489796,0.711404402181924
home-services-cleaning,0.764986160714286,1.0,0.0,0.625,0.4,0.571428571428571,0.8125,0.764986160714286
home-services-cleaning,0.766743063850402,0.934346210642191,0.0,0.484054054054054,0.48,1.0,0.594594594594595,0.766743063850402
home-services-cleaning,0.843702380952381,1.0,0.0,0.88,0.45,0.857142857142857,0.631578947368421,0.843702380952381
home-services-general-contracting,0.445830618283788,0.71038692376074,0.0,0.175,0.075,0.0,0.384615384615385,0.445830618283788
home-services-general-contracting,0.460064795394939,0.721766216339907,0.0,0.5,0.1575,0.178571428571429,0.5,0.460064795394939
home-services-general-contracting,0.496453471420105,0.488942915587656,0.0,0.731818181818182,0.2,0.357142857142857,0.517241379310345,0.496453471420105
home-services-general-contracting,0.557062729270466,0.727530740487548,0.0,0.672222222222222,0.22,0.142857142857143,0.764705882352941,0.557062729270466
home-services-general-contracting,0.694775297619048,1.0,0.0,0.631111111111111,0.22,0.071428571428571,0.8,0.694775297619048
home-services-general-contracting,0.698211686583671,0.928782679902117,0.0,0.52,0.52,0.392857142857143,0.628571428571429,0.698211686583671
home-services-general-contracting,0.725717251317345,0.724578889985701,0.0,0.88,0.805,0.464285714285714,0.578947368421053,0.725717251317345
home-services-general-contracting,0.733329703827225,0.898142236581726,0.0,0.576923076923077,0.325,0.821428571428571,0.769230769230769,0.733329703827225
home-services-home-services-other,0.791934852180555,0.99019861643856,0.0,0.88,0.275,0.75,0.833333333333333,0.791934852180555
home-services-home-services-other,0.792678668576998,0.986991732566983,0.0,0.55,0.55,0.964285714285714,0.517241379310345,0.792678668576998
home-services-home-services-other,0.793121134728696,0.91802425850295,0.0,0.581224489795918,0.895,1.0,0.656,0.793121134728696
home-services-home-services-other,0.793623538961039,1.0,0.0,0.88,0.35,0.714285714285714,0.863636363636364,0.793623538961039
home-services-home-services-other,0.796568459396358,0.987354974316688,0.0,0.5,0.5,1.0,0.290322580645161,0.796568459396358
home-services-home-services-other,0.806072966882013,0.970215865520137,0.0,0.88,0.525,0.714285714285714,0.533333333333333,0.806072966882013
home-services-home-services-other,0.824105662742436,0.996657947171231,0.0,0.596774193548387,0.575,1.0,0.709677419354839,0.824105662742436
home-services-home-services-other,0.839697221083022,0.961266985977206,0.0,0.88,0.7,0.678571428571429,0.65625,0.839697221083022
home-services-home-services-other,0.865601884442627,0.999905816020239,0.0,0.72,0.775,0.928571428571429,0.796296296296296,0.865601884442627
home-services-home-services-other,0.882757692307692,1.0,0.0,0.88,0.65,1.0,0.884615384615385,0.882757692307692
home-services-interior-design,0.440382399613916,0.449697511570004,0.0,0.38,0.38,0.642857142857143,0.823529411764706,0.440382399613916
home-services-interior-design,0.451973811058703,0.432094373053343,0.0,0.43,0.405,0.5,0.85,0.451973811058703
home-services-interior-design,0.457913383023904,0.314944610368453,0.0,0.64,0.57,0.428571428571429,0.827586206896552,0.457913383023904
home-services-interior-design,0.470471468046780,0.427253554944337,0.0,0.38,0.38,0.678571428571429,0.852459016393443,0.470471468046780
home-services-interior-design,0.507359576458602,0.476746983465941,0.0,0.38,0.38,0.857142857142857,0.864077669902913,0.507359576458602
home-services-interior-design,0.535697940193818,0.532594603899506,0.0,0.42,0.43,0.678571428571429,0.835164835164835,0.535697940193818
home-services-interior-design,0.583478731950911,0.483070838010693,0.0,0.590422535211268,0.645,1.0,0.738095238095238,0.583478731950911
home-services-interior-design,0.650115026609038,0.753422598281909,0.0,0.38,0.38,1.0,0.935483870967742,0.650115026609038
home-services-interior-design,0.665058151670096,0.827159823000126,0.0,0.4,0.4,0.714285714285714,0.8125,0.665058151670096
home-services-interior-design,0.692229568906779,0.992416394270394,0.0,0.6,0.25,0.107142857142857,0.5,0.692229568906779
home-services-landscaping,0.173880000000000,0.5,0.0,0.38,0.02,0.0,1.0,0.173880000000000
home-services-landscaping,0.177300196967548,0.773882660394236,0.0,0.5,0.0075,0.0,0.571428571428571,0.177300196967548
home-services-landscaping,0.190491250000000,1.0,0.0,0.5,0.0075,0.0,0.0,0.190491250000000
home-services-landscaping,0.190651964285714,1.0,0.0,0.38,0.0075,0.035714285714286,0.75,0.190651964285714
home-services-landscaping,0.191904464285714,1.0,0.0,0.5,0.0075,0.035714285714286,0.0,0.191904464285714
home-services-landscaping,0.350579174325474,0.234811726028665,0.0,0.88,0.225,0.035714285714286,1.0,0.350579174325474
home-services-landscaping,0.370768033629837,0.453956354011975,0.0,0.88,0.12,0.285714285714286,1.0,0.370768033629837
home-services-landscaping,0.426385081703407,0.508499537390299,0.0,0.88,0.1575,0.035714285714286,0.75,0.426385081703407
home-services-landscaping,0.690090750660260,0.87213855819878,0.0,0.88,0.2,0.571428571428571,0.4,0.690090750660260
home-services-landscaping,0.734493604397066,0.993148556548478,0.0,0.5,0.5,0.321428571428572,0.818181818181818,0.734493604397066
home-services-moving-&-storage,0.885848782810693,0.998897200541494,0.0,0.723870967741936,0.86,1.0,0.516129032258065,0.885848782810693
home-services-moving-&-storage,0.886172686166940,0.995955049230194,0.0,0.716666666666667,0.86,1.0,0.469879518072289,0.886172686166940
home-services-moving-&-storage,0.887538695141710,0.988664983178323,0.0,0.86,0.86,1.0,0.341772151898734,0.887538695141710
home-services-moving-&-storage,0.889708919925360,0.959919128228983,0.0,0.86,0.86,1.0,0.567164179104478,0.889708919925360
home-services-moving-&-storage,0.891229298473837,0.96305069155864,0.0,0.86,0.86,1.0,0.5,0.891229298473837
home-services-moving-&-storage,0.891354001574172,0.97185799572048,0.0,0.86,0.86,1.0,0.390243902439024,0.891354001574172
home-services-moving-&-storage,0.900212145348904,0.996545338057724,0.0,0.86,0.86,1.0,0.385714285714286,0.900212145348904
home-services-moving-&-storage,0.901157458624254,0.947653261990276,0.0,0.874084507042254,0.885,1.0,0.71264367816092,0.901157458624254
home-services-moving-&-storage,0.912152899360196,0.97484492698992,0.0,0.91,0.91,1.0,0.27027027027027,0.912152899360196
home-services-moving-&-storage,0.919813278394376,0.999999300483823,0.0,0.86,0.86,1.0,0.552631578947369,0.919813278394376
hospitality-&-travel-activities,0.552416269296061,0.455142504474932,0.0,0.362650981924266,0.715185185,1.0,0.90710090763481,0.552416269296061
hospitality-&-travel-activities,0.553993416420716,0.393274348824374,0.0,0.619143439206186,0.735185185,1.0,0.461024498886414,0.553993416420716
hospitality-&-travel-activities,0.558492690102965,0.367604504700334,0.0,0.72586134158363,0.735185185,1.0,0.678500986193294,0.558492690102965
hospitality-&-travel-activities,0.588494612371619,0.42081671801735,0.0,0.715185185,0.715185185,1.0,0.724590163934426,0.588494612371619
hospitality-&-travel-activities,0.590783086332225,0.498464456861364,0.0,0.502394432834395,0.715185185,1.0,0.642441860465116,0.590783086332225
hospitality-&-travel-activities,0.606669139174584,0.857266176132181,0.0,0.241737891923077,0.214814815,0.678571428571429,0.757575757575758,0.606669139174584
hospitality-&-travel-activities,0.614594871528101,0.98768841269009,0.0,0.330617284,0.225,0.071428571428571,0.636363636363636,0.614594871528101
hospitality-&-travel-activities,0.628889572475724,0.877614128261702,0.0,0.164814815,0.164814815,1.0,0.901639344262295,0.628889572475724
hospitality-&-travel-activities,0.658957301781366,0.937020632013698,0.0,0.330617284,0.330617284,0.321428571428572,0.808510638297872,0.658957301781366
hospitality-&-travel-activities,0.685934540352911,0.975831491428616,0.0,0.330617284,0.330617284,0.571428571428571,0.833333333333333,0.685934540352911
hospitality-&-travel-hospitality-&-travel-other,0.694893948764707,0.771099310280016,0.0,0.446085292509568,0.52,1.0,0.54644921552436,0.694893948764707
hospitality-&-travel-hospitality-&-travel-other,0.707902462105076,0.773147213334054,0.0,0.691818181818182,0.425,1.0,0.65,0.707902462105076
hospitality-&-travel-hospitality-&-travel-other,0.712131711476110,0.714556996681954,0.0,0.631428571428572,0.735,1.0,0.447004608294931,0.712131711476110
hospitality-&-travel-hospitality-&-travel-other,0.730926651777830,0.787839307149181,0.0,0.664054054054054,0.81,1.0,0.583333333333333,0.730926651777830
hospitality-&-travel-hospitality-&-travel-other,0.734658186482941,0.817519537798257,0.0,0.47900826446281,0.715,1.0,0.445302445302445,0.734658186482941
hospitality-&-travel-hospitality-&-travel-other,0.738112678028681,0.786971880116215,0.0,0.494473684210526,0.96,1.0,0.520661157024793,0.738112678028681
hospitality-&-travel-hospitality-&-travel-other,0.755463940713159,0.764848820026985,0.0,0.635833333333333,0.92,1.0,0.691729323308271,0.755463940713159
hospitality-&-travel-hospitality-&-travel-other,0.764307815598624,0.803929626872795,0.0,0.656808510638298,0.85,1.0,0.421370967741936,0.764307815598624
hospitality-&-travel-hospitality-&-travel-other,0.768546194389053,0.817597532994792,0.0,0.644054054054054,0.74,1.0,0.497041420118343,0.768546194389053
hospitality-&-travel-hospitality-&-travel-other,0.770080483284606,0.940084710899938,0.0,0.460493827160494,0.625,0.928571428571429,0.748815165876777,0.770080483284606
hospitality-&-travel-hotel-&-motel,0.719232296058955,0.817553277630882,0.0,0.426402116402116,0.635454545454546,1.0,0.710280373831776,0.719232296058955
hospitality-&-travel-hotel-&-motel,0.721823735877185,0.808111707679904,0.0,0.448226882745472,0.7,1.0,0.428695652173913,0.721823735877185
hospitality-&-travel-hotel-&-motel,0.724233814764537,0.912492374485309,0.0,0.637033492822967,0.4825,0.257142857142857,0.795419847328244,0.724233814764537
hospitality-&-travel-hotel-&-motel,0.725243283917346,0.870794836384536,0.0,0.4115625,0.535454545454545,1.0,0.644067796610169,0.725243283917346
hospitality-&-travel-hotel-&-motel,0.731155626631388,0.957478175342139,0.0,0.289815950920245,0.405454545454546,1.0,0.833333333333333,0.731155626631388
hospitality-&-travel-hotel-&-motel,0.736512389533609,0.886989228660307,0.0,0.640268456375839,0.525,0.635714285714286,0.472289156626506,0.736512389533609
hospitality-&-travel-hotel-&-motel,0.740884137207446,0.730312205419786,0.0,0.684582843713278,0.7775,1.0,0.559227921734532,0.740884137207446
hospitality-&-travel-hotel-&-motel,0.767345778002697,0.854086765716423,0.0,0.608567639257295,0.67,1.0,0.543837357052097,0.767345778002697
hospitality-&-travel-hotel-&-motel,0.775439710549049,0.87784143336313,0.0,0.595504587155963,0.658181818181818,1.0,0.537678207739308,0.775439710549049
hospitality-&-travel-hotel-&-motel,0.776483801614725,0.871371739735743,0.0,0.65163323782235,0.6275,0.8,0.507853403141361,0.776483801614725
legal-law-firm,0.607071146768654,0.569359205049157,0.0,0.715714285714286,0.35,0.428571428571429,0.736842105263158,0.607071146768654
legal-law-firm,0.610582043014168,0.676270188542578,0.0,0.594285714285714,0.35,0.678571428571429,0.80952380952381,0.610582043014168
legal-law-firm,0.610746206298765,0.728050763738653,0.0,0.5,0.325,0.678571428571429,0.576923076923077,0.610746206298765
legal-law-firm,0.613961153786796,0.487836746362979,0.0,0.574871794871795,0.93,1.0,0.741735537190083,0.613961153786796
legal-law-firm,0.624342693404583,0.496322992167267,0.0,0.9,0.875,0.571428571428571,0.813953488372093,0.624342693404583
legal-law-firm,0.635272890037761,0.986830677326965,0.0,0.5203,0.15,0.392857142857143,0.428571428571429,0.635272890037761
legal-law-firm,0.658690485296255,0.905112065165607,0.0,0.55,0.2,0.25,0.692307692307692,0.658690485296255
legal-law-firm,0.671654761904762,1.0,0.0,0.52,0.27,0.142857142857143,0.666666666666667,0.671654761904762
legal-law-firm,0.740815147758481,0.790186556559474,0.0,0.705135135135135,0.62,0.928571428571429,0.416058394160584,0.740815147758481
legal-law-firm,0.748894833839940,0.994413215888381,0.0,0.6,0.5,0.142857142857143,0.727272727272727,0.748894833839940
legal-legal-other,0.251713571428572,1.0,0.0,0.3,0.12,0.285714285714286,1.0,0.251713571428572
legal-legal-other,0.261066821723416,0.442863352321376,0.0,0.3,0.21,0.476190476190476,0.0,0.261066821723416
legal-legal-other,0.264618069761988,1.0,0.0,0.047923625,0.025,0.035714285714286,0.0,0.264618069761988
legal-legal-other,0.264761840636988,1.0,0.0,0.047923625,0.025,0.035714285714286,0.0,0.264761840636988
legal-legal-other,0.287013877750682,0.260272593718092,0.0,0.3,0.3,0.333333333333333,0.090909090909091,0.287013877750682
legal-legal-other,0.288738058931733,0.934621669018116,0.0,0.3,0.15,0.095238095238095,0.0,0.288738058931733
legal-legal-other,0.333931148172058,0.263657070961071,0.0,0.3,0.3,0.666666666666667,0.625,0.333931148172058
legal-legal-other,0.508662524781086,0.979887167863434,0.0,0.3,0.24,0.238095238095238,0.666666666666667,0.508662524781086
legal-legal-other,0.508758026226993,0.991181391816511,0.0,0.3,0.24,0.285714285714286,0.222222222222222,0.508758026226993
legal-legal-other,0.654155977972860,0.86066379391403,0.0,0.3,0.3,0.904761904761905,0.577777777777778,0.654155977972860
pets-pet-services,0.100000000000000,0.0,0.0,0.0,0.0,0.0,0.0,0.100000000000000
pets-pet-services,0.305005357142857,1.0,0.0,0.5,0.0375,0.142857142857143,0.0,0.305005357142857
pets-pet-services,0.358353162967604,0.574651783321041,0.0,0.38,0.0875,0.0,1.0,0.358353162967604
pets-pet-services,0.400332557201679,0.746384045073318,0.0,0.65,0.12,0.321428571428572,0.8,0.400332557201679
pets-pet-services,0.474049202135144,0.259472600579874,0.0,0.640909090909091,0.65,0.714285714285714,0.686567164179105,0.474049202135144
pets-pet-services,0.476161656593079,0.633222901247668,0.0,0.43,0.1575,0.571428571428571,0.714285714285714,0.476161656593079
pets-pet-services,0.580945255641391,0.953495072721002,0.0,0.5,0.1575,0.321428571428572,0.642857142857143,0.580945255641391
pets-pet-services,0.648362701517492,0.937541086396953,0.0,0.52,0.245,0.321428571428572,0.625,0.648362701517492
pets-pets-other,0.100000000000000,0.0,0.0,0.0,0.0,0.0,0.0,0.100000000000000
pets-pets-other,0.183449659493991,1.0,0.0,0.04927771875,0.0075,0.0,1.0,0.183449659493991
pets-pets-other,0.630427883290179,0.68006307889459,0.0,0.66764705882353,0.475,0.571428571428571,0.204819277108434,0.630427883290179
pets-veterinarians,0.771998126099414,0.856394586688624,0.0,0.552040816326531,0.7,1.0,0.651282051282051,0.771998126099414
pets-veterinarians,0.772148077903200,0.91006314484892,0.0,0.403030303030303,0.6,1.0,0.270491803278689,0.772148077903200
pets-veterinarians,0.776700058536755,0.944768692927956,0.0,0.88,0.525,0.607142857142857,0.622222222222222,0.776700058536755
pets-veterinarians,0.777530687177113,0.954888146536359,0.0,0.487037037037037,0.5,1.0,0.621052631578947,0.777530687177113
pets-veterinarians,0.779671085561824,0.977469297038395,0.0,0.548518518518519,0.555,0.964285714285714,0.222222222222222,0.779671085561824
pets-veterinarians,0.785603523856452,0.948516328558079,0.0,0.5,0.6,1.0,0.552631578947369,0.785603523856452
pets-veterinarians,0.807886184466937,0.848791163003277,0.0,0.685102040816327,0.78,0.857142857142857,0.614285714285714,0.807886184466937
pets-veterinarians,0.818119428684718,0.908952616271596,0.0,0.795,0.7,0.821428571428571,0.466666666666667,0.818119428684718
pets-veterinarians,0.820931329098014,0.89492573316903,0.0,0.614782608695652,0.88,1.0,0.474452554744526,0.820931329098014
pets-veterinarians,0.848963584552550,0.927373180907829,0.0,0.694745762711864,0.73,1.0,0.440944881889764,0.848963584552550
real-estate-mortgage,0.317785453197277,0.347359161044006,0.0,0.38,0.2,0.142857142857143,0.8,0.317785453197277
real-estate-property-management,0.824964304715122,0.997369823217311,0.0,0.59,0.59,1.0,0.431372549019608,0.824964304715122
real-estate-property-management,0.827259055615319,0.981193220332671,0.0,0.59,0.59,1.0,0.526881720430108,0.827259055615319
real-estate-property-management,0.827338130541590,0.98222724918416,0.0,0.59,0.59,1.0,0.27891156462585,0.827338130541590
real-estate-property-management,0.827645305900753,0.998373253101267,0.0,0.57063829787234,0.585,1.0,0.264705882352941,0.827645305900753
real-estate-property-management,0.827952596101353,0.985870472101891,0.0,0.59,0.59,0.928571428571429,0.481481481481482,0.827952596101353
real-estate-property-management,0.829623746708480,0.992146564361878,0.0,0.59,0.59,1.0,0.397058823529412,0.829623746708480
real-estate-property-management,0.834016888745795,0.997528425362741,0.0,0.59,0.59,0.857142857142857,0.490322580645161,0.834016888745795
real-estate-property-management,0.835251030054205,0.992689052708415,0.0,0.59,0.59,1.0,0.60655737704918,0.835251030054205
real-estate-property-management,0.840191942930518,0.959648304365488,0.0,0.63,0.63,1.0,0.721804511278195,0.840191942930518
real-estate-property-management,0.842308785590793,0.997396787757353,0.0,0.573157894736842,0.585,1.0,0.705479452054795,0.842308785590793
real-estate-real-estate-agency,0.708878646401638,0.997128461485875,0.0,0.31,0.31,0.880952380952381,0.351351351351351,0.708878646401638
real-estate-real-estate-agency,0.714947321428571,1.0,0.0,0.5,0.35,0.571428571428571,0.0,0.714947321428571
real-estate-real-estate-agency,0.722246407004830,1.0,0.0,0.5,0.475,0.285714285714286,0.217391304347826,0.722246407004830
real-estate-real-estate-agency,0.731909920634921,1.0,0.0,0.52,0.42,0.428571428571429,0.361111111111111,0.731909920634921
real-estate-real-estate-agency,0.734464594564241,1.0,0.0,0.52,0.445,0.404761904761905,0.358490566037736,0.734464594564241
real-estate-real-estate-agency,0.736143837535014,1.0,0.0,0.52,0.495,0.285714285714286,0.333333333333333,0.736143837535014
real-estate-real-estate-agency,0.756282321658660,1.0,0.0,0.518518518518519,0.525,0.333333333333333,0.886363636363636,0.756282321658660
real-estate-real-estate-agency,0.764011929175811,0.845007359960408,0.0,0.469108910891089,0.83,1.0,0.813559322033898,0.764011929175811
real-estate-real-estate-agency,0.766465707671957,1.0,0.0,0.648148148148148,0.6,0.095238095238095,0.925925925925926,0.766465707671957
real-estate-real-estate-agency,0.782691081928254,0.856960000615745,0.0,0.88,0.725,0.571428571428571,0.318181818181818,0.782691081928254
real-estate-real-estate-other,0.468408866124106,0.797888421305125,0.0,0.241160714285714,0.125,0.25,0.0,0.468408866124106
real-estate-real-estate-other,0.470471184333344,0.438813243051341,0.0,0.88,0.1575,0.535714285714286,0.846153846153846,0.470471184333344
real-estate-real-estate-other,0.471461953110186,0.93634497991308,0.0,0.93,0.0875,0.214285714285714,0.1,0.471461953110186
real-estate-real-estate-other,0.474153385595704,0.272069779195262,0.0,0.93,0.475,0.75,0.472222222222222,0.474153385595704
real-estate-real-estate-other,0.478995493709740,0.146794032250057,0.0,0.88,0.83,1.0,0.75,0.478995493709740
real-estate-real-estate-other,0.479883617909011,0.384794519395428,0.0,0.596153846153846,0.625,0.571428571428571,0.804878048780488,0.479883617909011
real-estate-real-estate-other,0.485333683042879,0.43942753436793,0.0,0.665714285714286,0.525,0.428571428571429,0.911764705882353,0.485333683042879
real-estate-real-estate-other,0.516804833052270,0.667055538785002,0.0,0.644285714285714,0.275,0.035714285714286,0.583333333333333,0.516804833052270
real-estate-real-estate-other,0.529582120648564,0.590774371585991,0.0,0.93,0.2,0.285714285714286,0.5,0.529582120648564
real-estate-real-estate-other,0.622186981033152,0.781908241340381,0.0,0.180573248407643,0.55,0.928571428571429,0.824917413874469,0.622186981033152
restaurants-carry-out,0.659576410625248,0.60784275985817,0.0,0.527272727272727,0.675,1.0,0.589403973509934,0.659576410625248
restaurants-carry-out,0.665207800565532,0.854925243830029,0.0,0.508333333333333,0.425,0.714285714285714,0.317073170731707,0.665207800565532
restaurants-carry-out,0.666895024024104,0.816855734159979,0.0,0.7,0.475,0.392857142857143,0.421052631578947,0.666895024024104
restaurants-carry-out,0.668302155531820,0.775933265328602,0.0,0.484210526315789,0.475,1.0,0.572815533980583,0.668302155531820
restaurants-carry-out,0.717416300055588,0.858394080474326,0.0,0.510526315789474,0.5,0.821428571428571,0.53,0.717416300055588
restaurants-carry-out,0.720551415613929,0.823583095844995,0.0,0.56,0.56,0.928571428571429,0.561797752808989,0.720551415613929
restaurants-carry-out,0.724741323501001,0.863077778247098,0.0,0.54390243902439,0.55,0.964285714285714,0.544554455445545,0.724741323501001
restaurants-carry-out,0.738461101123516,0.796722158522772,0.0,0.7,0.6,1.0,0.5,0.738461101123516
restaurants-carry-out,0.746241718614049,0.86643893954663,0.0,0.7,0.575,0.714285714285714,0.507462686567164,0.746241718614049
restaurants-carry-out,0.788337538597156,0.885604285264232,0.0,0.7,0.65,0.892857142857143,0.453488372093023,0.788337538597156
restaurants-fast-food,0.759768859235290,0.794793645293523,0.0,0.674901960784314,0.745,1.0,0.3,0.759768859235290
restaurants-fast-food,0.766165966812827,0.74170354976369,0.0,0.463456790123457,0.74,1.0,0.767918088737201,0.766165966812827
restaurants-fast-food,0.769235373789025,0.862646381870886,0.0,0.392691622103387,0.7,1.0,0.70253164556962,0.769235373789025
restaurants-fast-food,0.771143079192532,0.85312316359229,0.0,0.534754098360656,0.77,1.0,0.467213114754098,0.771143079192532
restaurants-fast-food,0.775160185513787,0.858926611271722,0.0,0.413170731707317,0.74,1.0,0.729323308270677,0.775160185513787
restaurants-fast-food,0.775510554945032,0.808628230922405,0.0,0.559644128113879,0.86,1.0,0.451957295373666,0.775510554945032
restaurants-fast-food,0.785048648411055,0.86305791449185,0.0,0.558639455782313,0.86,1.0,0.525252525252525,0.785048648411055
restaurants-fast-food,0.790270990296500,0.818098956880262,0.0,0.653236714975845,0.86,1.0,0.633451957295374,0.790270990296500
restaurants-fast-food,0.796248170327370,0.964105899920925,0.0,0.5,0.7,1.0,0.592592592592593,0.796248170327370
restaurants-fast-food,0.833142007339452,0.992580308561723,0.0,0.473611111111111,0.7,1.0,0.451388888888889,0.833142007339452
restaurants-fine-dining,0.531884407776721,0.841112425663136,0.0,0.326382978723404,0.149146666666667,0.258928571428572,0.414814814814815,0.531884407776721
restaurants-fine-dining,0.540601268512344,0.687277827544255,0.0,0.54,0.3,0.25,0.675,0.540601268512344
restaurants-fine-dining,0.572845267847479,0.833206049421511,0.0,0.54,0.186666666666667,0.071428571428571,0.60952380952381,0.572845267847479
restaurants-fine-dining,0.574851852582174,0.852279416090814,0.0,0.32,0.206666666666667,0.232142857142857,0.875,0.574851852582174
restaurants-fine-dining,0.592429123984285,0.933548902080793,0.0,0.32,0.173333333333333,0.053571428571429,0.6875,0.592429123984285
restaurants-fine-dining,0.670508949733358,0.872758127933014,0.0,0.394257425742574,0.37,0.508928571428571,0.787128712871287,0.670508949733358
restaurants-fine-dining,0.691199270256967,0.815768705111181,0.0,0.395333333333333,0.426666666666667,1.0,0.481382978723404,0.691199270256967
restaurants-fine-dining,0.715161620358359,0.802330715502825,0.0,0.412691622103387,0.493333333333333,1.0,0.70253164556962,0.715161620358359
restaurants-fine-dining,0.733341676458661,0.935024794316759,0.0,0.447770534550196,0.543333333333333,1.0,0.685788787483703,0.733341676458661
restaurants-restaurants-other,0.568897761939418,0.717978089878078,0.0,0.68,0.235294117647059,0.339285714285714,0.470588235294118,0.568897761939418
restaurants-restaurants-other,0.576512986585975,0.849337396871184,0.0,0.088181818181818,0.137647058823529,1.0,0.854166666666667,0.576512986585975
restaurants-restaurants-other,0.580583191030418,0.863180721238049,0.0,0.048571428571429,0.05921568627451,1.0,0.671641791044776,0.580583191030418
restaurants-restaurants-other,0.587205685911348,0.810374880708097,0.0,0.386666666666667,0.346666666666667,0.303571428571429,0.708333333333333,0.587205685911348
restaurants-restaurants-other,0.591096919937108,0.857376178391091,0.0,0.485,0.209150326797386,0.285714285714286,0.363636363636364,0.591096919937108
restaurants-restaurants-other,0.600991475988701,0.861128475966393,0.0,0.106705202312139,0.216078431372549,1.0,0.704845814977974,0.600991475988701
restaurants-restaurants-other,0.601878161725663,0.758176273905056,0.0,0.312682926829268,0.333725490196078,0.857142857142857,0.593333333333333,0.601878161725663
restaurants-restaurants-other,0.613129235519737,0.73876024401685,0.0,0.145364431486881,0.536862745098039,1.0,0.625322997416021,0.613129235519737
restaurants-restaurants-other,0.624727916277880,0.632331539750296,0.0,0.742181069958848,0.636666666666667,0.875,0.313609467455621,0.624727916277880
restaurants-restaurants-other,0.627704293224540,0.9527396437909,0.0,0.38,0.09843137254902,0.482142857142857,0.413793103448276,0.627704293224540
retail-big-box,0.646697074820830,0.59423665804036,0.0,0.88,0.575,0.785714285714286,0.473684210526316,0.646697074820830
retail-big-box,0.665569664988117,0.479360908758676,0.0,0.88,0.88,1.0,0.420560747663551,0.665569664988117
retail-big-box,0.665821501541556,0.851463019853517,0.0,0.5,0.325,0.75,0.117647058823529,0.665821501541556
retail-big-box,0.666757139658814,0.858609881220021,0.0,0.88,0.2,0.428571428571429,0.133333333333333,0.666757139658814
retail-big-box,0.667340241825709,0.831477499172507,0.0,0.88,0.25,0.642857142857143,0.416666666666667,0.667340241825709
retail-big-box,0.682250781468944,0.555940742105547,0.0,0.88,0.875,1.0,0.686567164179105,0.682250781468944
retail-big-box,0.685363533138829,0.89954493805478,0.0,0.642857142857143,0.1575,0.428571428571429,0.142857142857143,0.685363533138829
retail-big-box,0.710930310546089,0.819282710713017,0.0,0.88,0.275,0.607142857142857,0.307692307692308,0.710930310546089
retail-big-box,0.715989991092727,0.672965814414339,0.0,0.88,0.7,0.785714285714286,0.51219512195122,0.715989991092727
retail-big-box,0.752986319420598,0.947399808816711,0.0,0.690476190476191,0.525,0.785714285714286,0.25,0.752986319420598
retail-department-stores,0.794542791383366,0.710420633290632,0.0,0.824347826086957,0.9,1.0,0.444015444015444,0.794542791383366
retail-department-stores,0.803271576610923,0.778675254607911,0.0,0.688674698795181,0.87,1.0,0.368852459016394,0.803271576610923
retail-department-stores,0.806676383833098,0.767468246755177,0.0,0.93,0.75,1.0,0.325,0.806676383833098
retail-department-stores,0.806971375035282,0.766024433015161,0.0,0.73505376344086,0.9,1.0,0.341269841269841,0.806971375035282
retail-department-stores,0.810097340937574,0.718310829584229,0.0,0.9,0.9,1.0,0.35374149659864,0.810097340937574
retail-department-stores,0.813101640836797,0.748613282374094,0.0,0.9,0.9,1.0,0.612244897959184,0.813101640836797
retail-department-stores,0.822431297125346,0.790990374190081,0.0,0.748571428571429,0.9,1.0,0.350746268656716,0.822431297125346
retail-department-stores,0.828988259651850,0.699178054966841,0.0,0.9,0.9,1.0,0.5,0.828988259651850
retail-department-stores,0.848546028808410,0.683991921094434,0.0,0.9,0.9,1.0,0.472727272727273,0.848546028808410
retail-department-stores,0.854885790085475,0.853852680567717,0.0,0.702231404958678,0.95,1.0,0.297752808988764,0.854885790085475
retail-retail-clothing,0.665648256697272,0.703119617548492,0.0,0.88,0.5,0.571428571428571,0.685185185185185,0.665648256697272
retail-retail-clothing,0.671818798749366,0.489549804266666,0.0,0.741702127659575,0.805,0.928571428571429,0.65,0.671818798749366
retail-retail-clothing,0.671994455572034,0.66732167656697,0.0,0.7,0.58,0.964285714285714,0.72,0.671994455572034
retail-retail-clothing,0.678411959118268,0.625029190186941,0.0,0.88,0.65,0.785714285714286,0.682926829268293,0.678411959118268
retail-retail-clothing,0.682004107876430,0.844717109211202,0.0,0.88,0.25,0.5,0.6,0.682004107876430
retail-retail-clothing,0.691653452936767,0.552668351606216,0.0,0.88,0.88,0.964285714285714,0.692307692307692,0.691653452936767
retail-retail-clothing,0.701879281544310,0.641749462586396,0.0,0.88,0.705,0.857142857142857,0.607142857142857,0.701879281544310
retail-retail-clothing,0.718407049678952,0.713204051363339,0.0,0.685555555555556,0.655,1.0,0.678571428571429,0.718407049678952
retail-retail-clothing,0.723471940656592,0.696413626298717,0.0,0.88,0.605,0.928571428571429,0.705882352941177,0.723471940656592
retail-retail-clothing,0.756481379500116,0.804121218772268,0.0,0.88,0.55,0.892857142857143,0.621621621621622,0.756481379500116
retail-retail-other,0.767209484812446,0.861257799523915,0.0,0.88,0.525,0.857142857142857,0.3125,0.767209484812446
retail-retail-other,0.771434226190477,1.0,0.0,0.566666666666667,0.375,0.857142857142857,0.533333333333333,0.771434226190477
retail-retail-other,0.773074941510242,0.740716011987766,0.0,0.88,0.88,0.714285714285714,0.607142857142857,0.773074941510242
retail-retail-other,0.774337054587728,0.803711028714326,0.0,0.638675078864353,0.88,1.0,0.703883495145631,0.774337054587728
retail-retail-other,0.783357273041404,0.71749891764645,0.0,0.88,0.88,1.0,0.574324324324324,0.783357273041404
retail-retail-other,0.787567288961039,1.0,0.0,0.5,0.5,0.857142857142857,0.875,0.787567288961039
retail-retail-other,0.787823805551152,0.813910319434677,0.0,0.689090909090909,0.805,1.0,0.613636363636364,0.787823805551152
retail-retail-other,0.831771010546631,0.967127370208518,0.0,0.578260869565217,0.72,1.0,0.703389830508475,0.831771010546631
retail-retail-other,0.857415095956225,0.854573791325895,0.0,0.88,0.88,1.0,0.562874251497006,0.857415095956225
retail-retail-other,0.865726994345339,0.858852272420214,0.0,0.93,0.9,1.0,0.807692307692308,0.865726994345339
retail-special-services,0.731964496009283,0.952406760713786,0.0,0.38,0.38,1.0,0.80952380952381,0.731964496009283
retail-special-services,0.733533064516129,1.0,0.0,0.5,0.475,0.428571428571429,0.645161290322581,0.733533064516129
retail-special-services,0.737266338259442,1.0,0.0,0.4,0.4,0.714285714285714,0.607142857142857,0.737266338259442
retail-special-services,0.738495719405136,0.855254799957703,0.0,0.620476190476191,0.63,0.714285714285714,0.578125,0.738495719405136
retail-special-services,0.760951227546044,0.996247692183734,0.0,0.408571428571429,0.405,1.0,0.694444444444444,0.760951227546044
retail-special-services,0.770422990987773,0.773554457410945,0.0,0.700769230769231,0.95,0.571428571428571,0.31496062992126,0.770422990987773
retail-special-services,0.783062631175124,0.925335569265211,0.0,0.398214285714286,0.63,1.0,0.40625,0.783062631175124
retail-special-services,0.796690211640212,1.0,0.0,0.88,0.55,0.357142857142857,0.481481481481482,0.796690211640212
retail-special-services,0.851259476740178,0.891755143935252,0.0,0.674131455399061,0.93,1.0,0.766233766233766,0.851259476740178
retail-special-services,0.858154663194635,0.886373504688718,0.0,0.740810810810811,0.93,1.0,0.314553990610329,0.858154663194635
retail-supermarkets,0.853260756487968,0.88575698527204,0.0,0.88,0.866666666666667,0.928571428571429,0.419354838709677,0.853260756487968
retail-supermarkets,0.853997497437031,0.849188909364629,0.0,0.88,0.88,1.0,0.569230769230769,0.853997497437031
retail-supermarkets,0.856380105795746,0.945064616846584,0.0,0.88,0.713333333333333,0.761904761904762,0.620320855614973,0.856380105795746
retail-supermarkets,0.857482023671437,0.879346375477718,0.0,0.88,0.88,1.0,0.596638655462185,0.857482023671437
retail-supermarkets,0.857680556077863,0.852526488960526,0.0,0.88,0.88,1.0,0.681818181818182,0.857680556077863
retail-supermarkets,0.862428022527993,0.880686870674244,0.0,0.88,0.88,1.0,0.525316455696203,0.862428022527993
retail-supermarkets,0.864930221647135,0.868518058220504,0.0,0.677297297297297,0.88,0.952380952380952,0.643410852713178,0.864930221647135
retail-supermarkets,0.867098040602932,0.965691709979307,0.0,0.713333333333333,0.813333333333333,0.904761904761905,0.658064516129032,0.867098040602932
retail-supermarkets,0.872887422485595,0.921286263963122,0.0,0.88,0.88,0.904761904761905,0.601307189542484,0.872887422485595
retail-supermarkets,0.878785746473188,0.916632875294956,0.0,0.88,0.88,1.0,0.357798165137615,0.878785746473188
technology-electronics,0.100000000000000,0.0,0.0,0.0,0.0,0.0,0.0,0.100000000000000
technology-internet-service-provider,0.100000000000000,0.0,0.0,0.0,0.0,0.0,0.0,0.100000000000000
technology-internet-service-provider,0.189178643700145,0.968037102496304,0.0,0.5,0.0075,0.0,0.111111111111111,0.189178643700145
technology-internet-service-provider,0.304746398414263,0.036040667770354,0.0,0.695,0.395,0.785714285714286,0.7,0.304746398414263
technology-mobile-provider,0.754168669036694,0.939646943641471,0.0,0.5,0.5,1.0,0.079545454545455,0.754168669036694
technology-mobile-provider,0.763109819158927,0.956394487708108,0.0,0.5,0.5,0.928571428571429,0.238095238095238,0.763109819158927
technology-mobile-provider,0.769996937513477,0.950938396319088,0.0,0.5,0.5,1.0,0.189655172413793,0.769996937513477
technology-mobile-provider,0.771978903460407,0.958188071022832,0.0,0.5,0.5,1.0,0.142857142857143,0.771978903460407
technology-mobile-provider,0.781442975937131,0.993314954472557,0.0,0.5,0.5,1.0,0.07843137254902,0.781442975937131
technology-mobile-provider,0.781464997919381,0.994680060523282,0.0,0.5,0.5,1.0,0.104166666666667,0.781464997919381
technology-mobile-provider,0.784354733407185,0.991790027915974,0.0,0.5,0.5,1.0,0.114754098360656,0.784354733407185
technology-mobile-provider,0.787345833333333,1.0,0.0,0.5,0.5,1.0,0.020833333333333,0.787345833333333
technology-mobile-provider,0.787367835968380,1.0,0.0,0.5,0.5,1.0,0.08695652173913,0.787367835968380
technology-mobile-provider,0.789981695156696,1.0,0.0,0.558461538461539,0.545,0.785714285714286,0.259259259259259,0.789981695156696
technology-technology-other,0.456775652757570,0.402100406249288,0.0,0.571428571428571,0.35,0.5,0.777777777777778,0.456775652757570
technology-technology-other,0.458890612655050,0.442615074417497,0.0,0.5,0.325,0.607142857142857,0.0,0.458890612655050
technology-technology-other,0.479433253105783,0.448385156113648,0.0,0.4,0.4,1.0,0.794964028776979,0.479433253105783
technology-technology-other,0.485689585110279,0.475728746315184,0.0,0.268068965517241,0.55,1.0,0.145038167938931,0.485689585110279
technology-technology-other,0.586027362188128,0.443490730739315,0.0,0.545467625899281,0.88,1.0,0.560098119378577,0.586027362188128
technology-technology-other,0.633159203301579,0.830931257280517,0.0,0.353478260869565,0.335,0.428571428571429,0.830769230769231,0.633159203301579
technology-technology-other,0.709974317263396,0.87349968203625,0.0,0.319354632587859,0.55,1.0,0.214953271028037,0.709974317263396
technology-technology-other,0.713414732357177,0.618923234210085,0.0,0.41045197740113,0.925,1.0,0.223814773980154,0.713414732357177
technology-technology-other,0.795214583333333,1.0,0.0,0.5,0.5,1.0,0.45,0.795214583333333
technology-technology-other,0.823435036430364,0.98655506105358,0.0,0.541111111111111,0.555,1.0,0.5,0.823435036430364
uk-take-away-food-supplier,0.201286450501773,0.670466718422665,0.0,0.3,0.0375,0.142857142857143,0.111111111111111,0.201286450501773
uk-take-away-food-supplier,0.203520959821429,1.0,0.0,0.3,0.0075,0.071428571428571,0.5,0.203520959821429
uk-take-away-food-supplier,0.228185502027140,0.704973623434389,0.0,0.3,0.0375,0.285714285714286,0.25,0.228185502027140
uk-take-away-food-supplier,0.235753452380952,1.0,0.0,0.3,0.02,0.214285714285714,0.0,0.235753452380952
uk-take-away-food-supplier,0.244307266516865,0.625483899717229,0.0,0.3,0.06,0.107142857142857,0.25,0.244307266516865
uk-take-away-food-supplier,0.315151936754524,0.81891329313978,0.0,0.43,0.06,0.142857142857143,0.5,0.315151936754524
uk-take-away-food-supplier,0.327951894653472,0.388004983740717,0.0,0.3,0.275,0.357142857142857,0.3125,0.327951894653472
uk-take-away-food-supplier,0.362815795304663,0.391206253458215,0.0,0.3,0.225,0.642857142857143,0.083333333333333,0.362815795304663
uk-take-away-food-supplier,0.406576493583016,0.476595474057501,0.0,0.43,0.2,0.428571428571429,0.25,0.406576493583016
uk-take-away-food-supplier,0.477841393892876,0.408091416513515,0.0,0.43,0.43,0.964285714285714,0.479166666666667,0.477841393892876
wedding-&-special-events-entertainers,0.100000000000000,0.0,0.0,0.0,0.0,0.0,0.0,0.100000000000000
wedding-&-special-events-event-planners,0.100000000000000,0.0,0.0,0.0,0.0,0.0,0.0,0.100000000000000
wedding-&-special-events-event-planners,0.235700817047705,0.144590711077755,0.0,0.43,0.3,0.178571428571429,0.578947368421053,0.235700817047705
wedding-&-special-events-party-venues,0.623608950508799,0.425738056664571,0.0,0.538249158249158,0.9,1.0,0.820088300220751,0.623608950508799
wedding-&-special-events-party-venues,0.674139157996863,0.556529580708814,0.0,0.88,0.7,0.785714285714286,0.742857142857143,0.674139157996863
wedding-&-special-events-wedding-&-special-events-other,0.262179874863686,0.771231632096678,0.0,0.38,0.0375,0.0,1.0,0.262179874863686
wedding-&-special-events-wedding-&-special-events-other,0.272765222920638,0.166085912422698,0.0,0.55,0.225,0.178571428571429,0.730769230769231,0.272765222920638
