country	industry	score	a_weighted_rating	a_visibility	a_spread	a_volume	a_time	a_length	a_score
GB	automotive-tires	0.229882857142857	1.0	0.0	0.3	0.02	0.178571428571429	0.0	0.229882857142857
US	retail-special-services	0.850076326832382	0.902856441021007	0.0	0.669234449760766	0.93	1.0	0.76797385620915	0.850076326832382
US	home-services-cleaning	0.765808367181081	0.935153436730404	0.0	0.484054054054054	0.48	1.0	0.594594594594595	0.765808367181081
GB	restaurants-restaurants-other	0.629450402930781	0.953013120823182	0.0	0.38	0.09843137254902	0.589285714285714	0.413793103448276	0.629450402930781
US	entertainment-live-performance-&-sports	0.524123242654390	0.345859944890347	0.0	0.457407407407407	0.93	1.0	0.242788461538462	0.524123242654390
US	financial-services-insurance	0.701813084477151	0.99305877298544	0.0	0.603333333333333	0.295	0.357142857142857	0.5	0.701813084477151
US	automotive-repair-&-service	0.831116245744795	0.998603797089542	0.0	0.559701492537313	0.6	1.0	0.612903225806452	0.831116245744795
US	pets-veterinarians	0.849525554516455	0.926945219012459	0.0	0.693333333333333	0.73	1.0	0.440944881889764	0.849525554516455
US	home-services-moving-&-storage	0.885364750916043	0.987356753868521	0.0	0.779473684210526	0.86	1.0	0.333333333333333	0.885364750916043
US	real-estate-property-management	0.830141545048760	0.992103593336804	0.0	0.59	0.59	1.0	0.397058823529412	0.830141545048760
US	health-care-hospitals-&-facilities	0.798272416565813	0.850850792607196	0.0	0.71	0.71	1.0	0.645320197044335	0.798272416565813
US	health-care-home-care	0.634283432532204	0.816580526884141	0.0	0.252393162393162	0.38	1.0	0.1	0.634283432532204
GB	hospitality-&-travel-hotel-&-motel	0.768053722537248	0.853076846650043	0.0	0.608421052631579	0.67	1.0	0.543837357052097	0.768053722537248
US	beauty-spa	0.742916331005594	0.931903909039873	0.0	0.447796610169492	0.48	1.0	0.848101265822785	0.742916331005594
US	health-care-pediatricians	0.471726219020455	0.450050109713265	0.0	0.342127999166984	0.43	1.0	0.365714285714286	0.471726219020455
US	real-estate-real-estate-other	0.516554833052270	0.667055538785002	0.0	0.644285714285714	0.275	0.035714285714286	0.583333333333333	0.516554833052270
US	health-care-hospitals-&-facilities	0.760546437129168	0.952563744104856	0.0	0.56	0.5	0.952380952380952	0.310344827586207	0.760546437129168
US	entertainment-amusement-park	0.500696352933470	0.3879826381327	0.0	0.630434782608696	0.65	0.428571428571429	0.3875	0.500696352933470
US	entertainment-other	0.602570661185754	0.706903501414472	0.0	0.225925925925926	0.525	1.0	0.086792452830189	0.602570661185754
GB	automotive-tires	0.285206190891588	0.251295433306448	0.0	0.58	0.2	0.035714285714286	0.555555555555556	0.285206190891588
US	wedding-&-special-events-event-planners	0.237482120620639	0.143578671820545	0.0	0.43	0.3	0.214285714285714	0.578947368421053	0.237482120620639
US	pets-veterinarians	0.827896229939298	0.909754526798619	0.0	0.789512195121951	0.7	0.964285714285714	0.466666666666667	0.827896229939298
US	beauty-spa	0.719485948384053	0.837001746271727	0.0	0.608461538461539	0.52	0.857142857142857	0.255813953488372	0.719485948384053
US	hospitality-&-travel-activities	0.589519504024717	0.436934173111668	0.0	0.715185185	0.715185185	1.0	0.726973684210526	0.589519504024717
CA	retail-special-services	0.735006349206349	1.0	0.0	0.4	0.4	0.821428571428571	0.607142857142857	0.735006349206349
US	legal-law-firm	0.627520841195766	0.495576590831539	0.0	0.9	0.9	0.571428571428571	0.818181818181818	0.627520841195766
US	pets-veterinarians	0.776862603967202	0.975689850478394	0.0	0.548867924528302	0.555	0.928571428571429	0.225352112676056	0.776862603967202
US	automotive-repair-&-service	0.865195009323734	0.959108376656793	0.0	0.88	0.855	0.714285714285714	0.813333333333333	0.865195009323734
US	automotive-parts	0.755202292351909	0.884500952969558	0.0	0.686666666666667	0.42	0.857142857142857	0.714285714285714	0.755202292351909
US	entertainment-other	0.467047890668090	0.452654363103749	0.0	0.88	0.25	0.392857142857143	0.076923076923077	0.467047890668090
US	financial-services-banks	0.641661651907845	0.839322451253458	0.0	0.88	0.2	0.285714285714286	0.222222222222222	0.641661651907845
US	technology-internet-service-provider	0.300029350274120	0.020628411638146	0.0	0.703333333333333	0.37	0.785714285714286	0.736842105263158	0.300029350274120
US	legal-legal-other	0.265501661597925	1.0	0.0	0.047923625	0.025	0.035714285714286	0.0	0.265501661597925
US	technology-technology-other	0.438010060722957	0.369731229553468	0.0	0.576923076923077	0.325	0.428571428571429	0.807692307692308	0.438010060722957
US	health-care-dentists	0.803965506418278	0.994825944423438	0.0	0.49	0.535	0.964285714285714	0.444444444444444	0.803965506418278
US	restaurants-restaurants-other	0.604669437119315	0.505866463562464	0.0	0.719709543568465	0.626666666666667	0.8125	0.321321321321321	0.604669437119315
US	retail-retail-other	0.766402771021084	0.741540609552364	0.0	0.88	0.775	1.0	0.48936170212766	0.766402771021084
US	retail-special-services	0.760248260045667	0.996306782730062	0.0	0.408571428571429	0.405	1.0	0.694444444444444	0.760248260045667
CA	automotive-oem	0.731885400650100	0.878726742036624	0.0	0.416802721088435	0.435	1.0	0.592105263157895	0.731885400650100
US	health-care-senior-care	0.763551074210368	0.904559043578011	0.0	0.583333333333333	0.55	0.928571428571429	0.64	0.763551074210368
US	financial-services-banks	0.613803656990559	0.755064009674134	0.0	0.615294117647059	0.425	0.357142857142857	0.791666666666667	0.613803656990559
US	retail-special-services	0.733336635944700	1.0	0.0	0.5	0.5	0.464285714285714	0.645161290322581	0.733336635944700
US	entertainment-other	0.491958103989997	0.510308418083376	0.0	0.262328767123288	0.53	0.785714285714286	0.107462686567164	0.491958103989997
US	restaurants-carry-out	0.750041516632681	0.863323055135665	0.0	0.7	0.575	0.785714285714286	0.507462686567164	0.750041516632681
CA	automotive-oem	0.728118583083469	0.951474594566199	0.0	0.41	0.41	0.535714285714286	0.857142857142857	0.728118583083469
US	retail-big-box	0.679535484912351	0.513455225856994	0.0	0.88	0.85	1.0	0.696969696969697	0.679535484912351
GB	technology-technology-other	0.636338578057989	0.825976812240917	0.0	0.355454545454546	0.335	0.428571428571429	0.830769230769231	0.636338578057989
CA	automotive-oem	0.730977061566349	0.866146246372382	0.0	0.422658227848101	0.435	1.0	0.705263157894737	0.730977061566349
US	hospitality-&-travel-activities	0.576254194078704	0.896302831006101	0.0	0.330617284	0.2	0.142857142857143	0.5625	0.576254194078704
US	real-estate-real-estate-agency	0.745792296918768	1.0	0.0	0.52	0.52	0.380952380952381	0.323529411764706	0.745792296918768
US	entertainment-live-performance-&-sports	0.519221354990260	0.321283241429453	0.0	0.451898734177215	0.93	1.0	0.329355608591886	0.519221354990260
US	beauty-skin-care	0.670868674670486	0.996771185754474	0.0	0.38	0.38	0.214285714285714	0.222222222222222	0.670868674670486
US	health-care-physicians	0.766471379051995	0.920789709252279	0.0	0.488593697938372	0.54	1.0	0.271739130434783	0.766471379051995
GB	restaurants-fine-dining	0.541550333362256	0.688166375180504	0.0	0.54	0.303333333333333	0.303571428571429	0.675	0.541550333362256
US	home-services-general-contracting	0.557224925774086	0.728750158166212	0.0	0.672222222222222	0.22	0.142857142857143	0.764705882352941	0.557224925774086
US	home-services-cleaning	0.845027777777778	1.0	0.0	0.88	0.45	1.0	0.631578947368421	0.845027777777778
US	retail-supermarkets	0.856886918684499	0.869794118361661	0.0	0.88	0.88	1.0	0.572164948453608	0.856886918684499
US	automotive-rental	0.880857105459063	0.946108938711974	0.0	0.88	0.796666666666667	1.0	0.656862745098039	0.880857105459063
US	real-estate-real-estate-agency	0.720466666666667	1.0	0.0	0.5	0.3	0.666666666666667	0.0	0.720466666666667
US	retail-supermarkets	0.877485725451555	0.957716654324214	0.0	0.677297297297297	0.88	0.952380952380952	0.640625	0.877485725451555
US	real-estate-property-management	0.831385511590913	0.986304281813884	0.0	0.59	0.59	1.0	0.493670886075949	0.831385511590913
US	pets-pets-other	0.100000000000000	0.0	0.0	0.0	0.0	0.0	0.0	0.100000000000000
US	hospitality-&-travel-activities	0.685413677009771	0.974921192295936	0.0	0.330617284	0.330617284	0.535714285714286	0.833333333333333	0.685413677009771
US	retail-retail-other	0.767885102046352	0.874974455099455	0.0	0.88	0.45	0.857142857142857	0.333333333333333	0.767885102046352
US	entertainment-other	0.585947519631128	0.477073547244175	0.0	0.211616161616162	0.93	1.0	0.117845117845118	0.585947519631128
US	legal-law-firm	0.618796209269668	0.744470721865536	0.0	0.5	0.35	0.75	0.555555555555556	0.618796209269668
US	beauty-skin-care	0.669321189190545	0.762166056657089	0.0	0.691666666666667	0.575	0.464285714285714	0.59375	0.669321189190545
GB	legal-legal-other	0.287732809452552	0.258707444564063	0.0	0.3	0.3	0.333333333333333	0.090909090909091	0.287732809452552
US	retail-department-stores	0.798483508519451	0.792459793376597	0.0	0.70253164556962	0.88	0.857142857142857	0.354430379746835	0.798483508519451
US	entertainment-amusement-park	0.589577050269127	0.282670807834179	0.0	0.88	0.88	1.0	0.708860759493671	0.589577050269127
US	education-education-other	0.755562498909343	0.907533801936229	0.0	0.758095238095238	0.52	0.571428571428571	0.758620689655172	0.755562498909343
US	retail-special-services	0.723508557862690	0.820642193430617	0.0	0.600731707317073	0.6	0.714285714285714	0.555555555555556	0.723508557862690
US	retail-retail-clothing	0.680804756206897	0.602987189331116	0.0	0.741702127659575	0.805	0.892857142857143	0.65	0.680804756206897
GB	restaurants-fine-dining	0.572491594362566	0.830152913665101	0.0	0.54	0.19	0.080357142857143	0.60952380952381	0.572491594362566
US	retail-department-stores	0.854857146226582	0.84981537458193	0.0	0.704453781512605	0.95	1.0	0.306818181818182	0.854857146226582
US	technology-technology-other	0.491491579786780	0.487278542786972	0.0	0.276	0.55	1.0	0.134920634920635	0.491491579786780
US	health-care-health-care-other	0.641962262912874	0.857767318074688	0.0	0.375454545454546	0.28	0.785714285714286	0.666666666666667	0.641962262912874
US	entertainment-other	0.485585345345459	0.173076157386211	0.0	0.742244897959184	0.88	1.0	0.677611940298508	0.485585345345459
US	financial-services-insurance	0.696027576461938	0.949764733304245	0.0	0.712857142857143	0.345	0.107142857142857	0.4	0.696027576461938
US	home-services-cleaning	0.694731047802652	0.983171910629487	0.0	0.5	0.5	0.0	0.739130434782609	0.694731047802652
US	health-care-senior-care	0.767604345493486	0.910415385939441	0.0	0.588235294117647	0.775	0.642857142857143	0.525252525252525	0.767604345493486
US	home-services-interior-design	0.452540740504508	0.432123960213282	0.0	0.43	0.405	0.5	0.85	0.452540740504508
US	health-care-physicians	0.801018680454768	0.955326405202297	0.0	0.491739130434783	0.495	1.0	0.822695035460993	0.801018680454768
US	real-estate-real-estate-other	0.475177426095478	0.438062251058274	0.0	0.88	0.2	0.5	0.846153846153846	0.475177426095478
US	legal-law-firm	0.599628441853406	0.44966261607947	0.0	0.564615384615385	0.93	1.0	0.744813278008299	0.599628441853406
US	real-estate-real-estate-other	0.454409723906294	0.274610061745919	0.0	0.93	0.475	0.714285714285714	0.472222222222222	0.454409723906294
US	real-estate-property-management	0.829681567379035	0.998339896049013	0.0	0.570989010989011	0.585	1.0	0.27	0.829681567379035
US	default-default	0.791594386448823	0.992183421724288	0.0	0.55	0.55	1.0	0.403921568627451	0.791594386448823
US	automotive-automotive-other	0.740620634920635	1.0	0.0	0.5	0.45	0.571428571428571	0.777777777777778	0.740620634920635
US	financial-services-insurance	0.881685783191026	0.952678982491213	0.0	0.818292682926829	0.825	0.857142857142857	0.574468085106383	0.881685783191026
US	real-estate-property-management	0.827809976334107	0.982287542600688	0.0	0.59	0.59	1.0	0.282758620689655	0.827809976334107
US	automotive-repair-&-service	0.881905381588014	0.936879787497403	0.0	0.9	0.87	0.857142857142857	0.68	0.881905381588014
US	real-estate-real-estate-other	0.457203830410038	0.20075611648307	0.0	0.88	0.55	0.928571428571429	0.761904761904762	0.457203830410038
US	pets-veterinarians	0.772241298940554	0.909807417561	0.0	0.407692307692308	0.6	1.0	0.272727272727273	0.772241298940554
US	hospitality-&-travel-hospitality-&-travel-other	0.712166309823794	0.71736517663654	0.0	0.631428571428572	0.735	1.0	0.447004608294931	0.712166309823794
US	hospitality-&-travel-activities	0.661020544248425	0.934512880083194	0.0	0.330617284	0.330617284	0.5	0.808510638297872	0.661020544248425
US	education-education-other	0.756274964690450	0.960183265010786	0.0	0.52	0.52	0.714285714285714	0.758241758241758	0.756274964690450
US	home-services-general-contracting	0.694304887251359	0.956938147849315	0.0	0.52	0.52	0.107142857142857	0.636363636363636	0.694304887251359
US	real-estate-real-estate-other	0.456358828110186	0.93634497991308	0.0	0.93	0.0875	0.178571428571429	0.1	0.456358828110186
US	restaurants-carry-out	0.792554898986082	0.883533626651371	0.0	0.7	0.65	0.928571428571429	0.453488372093023	0.792554898986082
US	entertainment-live-performance-&-sports	0.529119696801741	0.266343576048829	0.0	0.684761904761905	0.88	1.0	0.823529411764706	0.529119696801741
US	beauty-beauty-other	0.756514650306526	0.854731164609747	0.0	0.88	0.755	0.214285714285714	0.89041095890411	0.756514650306526
US	beauty-skin-care	0.680864826760175	0.842104931881482	0.0	0.38	0.38	1.0	0.672811059907834	0.680864826760175
US	retail-retail-clothing	0.708668874468932	0.641991872094029	0.0	0.88	0.705	0.928571428571429	0.607142857142857	0.708668874468932
US	automotive-rental	0.880344993583925	0.851914576560502	0.0	0.964619883040936	1.0	1.0	0.700729927007299	0.880344993583925
US	restaurants-fast-food	0.777532092834619	0.863873702365252	0.0	0.409958847736626	0.74	1.0	0.731060606060606	0.777532092834619
US	hospitality-&-travel-activities	0.590619052871625	0.499126553362508	0.0	0.502394432834395	0.715185185	1.0	0.642441860465116	0.590619052871625
US	health-care-senior-care	0.735247415733874	0.925160911116507	0.0	0.575217391304348	0.58	0.571428571428571	0.620689655172414	0.735247415733874
US	hospitality-&-travel-activities	0.560396976063945	0.417448866211904	0.0	0.624003527571429	0.735185185	1.0	0.461024498886414	0.560396976063945
GB	legal-legal-other	0.509458026226993	0.991181391816511	0.0	0.3	0.24	0.285714285714286	0.222222222222222	0.509458026226993
US	retail-supermarkets	0.856700847569004	0.882941477060163	0.0	0.88	0.88	0.904761904761905	0.680701754385965	0.856700847569004
US	health-care-physicians	0.764654382118687	0.999988797903685	0.0	0.244025157232704	0.375	1.0	0.579268292682927	0.764654382118687
US	retail-supermarkets	0.880141041033788	0.917128318155455	0.0	0.88	0.88	1.0	0.357798165137615	0.880141041033788
US	health-care-home-care	0.629157894728766	0.993982745964115	0.0	0.31	0.225	0.214285714285714	0.111111111111111	0.629157894728766
US	health-care-dentists	0.811864649637203	0.987426210582837	0.0	0.54	0.545	1.0	0.564516129032258	0.811864649637203
US	beauty-beauty-other	0.764735064935065	1.0	0.0	0.88	0.25	0.535714285714286	0.545454545454545	0.764735064935065
US	wedding-&-special-events-wedding-&-special-events-other	0.302334168906901	0.27131104217376	0.0	0.55	0.2	0.178571428571429	0.730769230769231	0.302334168906901
US	legal-law-firm	0.671702380952381	1.0	0.0	0.52	0.27	0.142857142857143	0.666666666666667	0.671702380952381
US	health-care-senior-care	0.751187572368749	0.956299842894081	0.0	0.72	0.435	0.607142857142857	0.454545454545455	0.751187572368749
US	health-care-physicians	0.792564228358767	0.976727561032141	0.0	0.407922077922078	0.48	1.0	0.764705882352941	0.792564228358767
US	home-services-moving-&-storage	0.901792345862957	0.996751467099653	0.0	0.86	0.86	0.964285714285714	0.4	0.901792345862957
US	automotive-parts	0.737205560335526	0.807440890869391	0.0	0.547619047619048	0.575	1.0	0.666666666666667	0.737205560335526
US	pets-pet-services	0.304255357142857	1.0	0.0	0.5	0.0375	0.142857142857143	0.0	0.304255357142857
US	retail-supermarkets	0.860491737141734	0.892352751536419	0.0	0.78	0.88	1.0	0.625730994152047	0.860491737141734
GB	beauty-hair-grooming	0.459003548517594	0.433036219697538	0.0	0.475454545454546	0.425	0.607142857142857	0.533333333333333	0.459003548517594
GB	restaurants-fine-dining	0.534089725486398	0.84178521956138	0.0	0.326382978723404	0.149146666666667	0.3125	0.414814814814815	0.534089725486398
US	beauty-skin-care	0.727511129329924	0.69697162913066	0.0	0.9	0.87	0.571428571428571	0.586956521739131	0.727511129329924
GB	health-care-health-care-other	0.624145055363265	0.844920878240475	0.0	0.17	0.17	1.0	0.751780264496439	0.624145055363265
US	automotive-rental	0.874485940825274	0.99276042345294	0.0	0.9	0.7	0.952380952380952	0.452380952380952	0.874485940825274
GB	health-care-dentists	0.778146191976076	0.952901054390614	0.0	0.66	0.66	0.571428571428571	0.272727272727273	0.778146191976076
US	financial-services-banks	0.644856006426198	0.927293599120521	0.0	0.602222222222222	0.225	0.178571428571429	0.791666666666667	0.644856006426198
ZA	hospitality-&-travel-activities	0.626734289641355	0.881191489534286	0.0	0.164814815	0.164814815	0.964285714285714	0.901639344262295	0.626734289641355
US	technology-mobile-provider	0.776249587891750	0.968949596280539	0.0	0.5	0.5	1.0	0.142857142857143	0.776249587891750
US	education-education-other	0.781432020917799	0.971976986420011	0.0	0.543478260869565	0.525	0.857142857142857	0.890909090909091	0.781432020917799
US	health-care-senior-care	0.774761297650247	0.930438902304104	0.0	0.659189189189189	0.645	0.571428571428571	0.775	0.774761297650247
US	automotive-repair-&-service	0.864858842869896	0.967869765433851	0.0	0.88	0.8	0.857142857142857	0.604651162790698	0.864858842869896
US	home-services-landscaping	0.131712006344655	0.079160414595606	0.0	0.38	0.02	0.035714285714286	1.0	0.131712006344655
US	automotive-dealer	0.867022077423397	0.923028389972131	0.0	0.756617647058824	0.912121212121212	0.904761904761905	0.607476635514019	0.867022077423397
GB	legal-legal-other	0.251568571428572	1.0	0.0	0.3	0.12	0.285714285714286	1.0	0.251568571428572
GB	uk-take-away-food-supplier	0.315151936754524	0.81891329313978	0.0	0.43	0.06	0.142857142857143	0.5	0.315151936754524
US	automotive-oem	0.729265507548568	0.87738495802382	0.0	0.297719928186715	0.57	1.0	0.836257309941521	0.729265507548568
US	health-care-health-care-other	0.689394802462675	0.924534258346243	0.0	0.33	0.3	0.857142857142857	0.142857142857143	0.689394802462675
US	beauty-skin-care	0.716526355650869	0.957617983947289	0.0	0.401276595744681	0.405	0.642857142857143	0.647058823529412	0.716526355650869
US	retail-big-box	0.652531173691806	0.474192959826903	0.0	0.88	0.88	0.892857142857143	0.636363636363636	0.652531173691806
GB	wedding-&-special-events-event-planners	0.100000000000000	0.0	0.0	0.0	0.0	0.0	0.0	0.100000000000000
US	health-care-optometrist-&-opthamologist	0.538191806751021	0.453058048814617	0.0	0.48	0.48	1.0	0.460176991150443	0.538191806751021
US	retail-retail-clothing	0.666944239423866	0.702311966862224	0.0	0.88	0.5	0.571428571428571	0.685185185185185	0.666944239423866
US	health-care-health-care-other	0.695564031101795	0.995496726900326	0.0	0.37	0.325	0.321428571428572	0.722222222222222	0.695564031101795
US	pets-pet-services	0.641695554917706	0.936878683505522	0.0	0.52	0.245	0.25	0.625	0.641695554917706
US	real-estate-property-management	0.841613618407214	0.959182311618221	0.0	0.63	0.63	1.0	0.721804511278195	0.841613618407214
US	real-estate-real-estate-agency	0.735481955675352	1.0	0.0	0.52	0.445	0.404761904761905	0.358490566037736	0.735481955675352
US	financial-services-banks	0.850970391200864	0.905263593333637	0.0	0.76865671641791	0.88	1.0	0.474178403755869	0.850970391200864
US	restaurants-fine-dining	0.688571140759033	0.807472935025773	0.0	0.396344086021505	0.426666666666667	1.0	0.482573726541555	0.688571140759033
US	health-care-pediatricians	0.395088477179506	0.435412680496412	0.0	0.313333333333333	0.23	0.464285714285714	0.384615384615385	0.395088477179506
US	home-services-home-services-other	0.800314741923499	0.940370221612582	0.0	0.88	0.525	0.75	0.533333333333333	0.800314741923499
US	health-care-pediatricians	0.428776136718434	1.0	0.0	0.403926497562622	0.049	0.214285714285714	0.4	0.428776136718434
US	real-estate-real-estate-agency	0.761613642646760	0.827746274141816	0.0	0.468235294117647	0.83	1.0	0.809322033898305	0.761613642646760
US	home-services-home-services-other	0.795215439219083	0.989213330999193	0.0	0.570408163265306	0.575	0.964285714285714	0.543859649122807	0.795215439219083
US	financial-services-insurance	0.711074980322981	0.933512094426382	0.0	0.527027027027027	0.525	0.5	0.315789473684211	0.711074980322981
US	automotive-rental	0.889621433364676	0.90173228159196	0.0	0.919230769230769	0.95	1.0	0.652	0.889621433364676
US	technology-mobile-provider	0.785842963107808	0.994613795342811	0.0	0.5	0.5	1.0	0.101694915254237	0.785842963107808
US	entertainment-live-performance-&-sports	0.566544654930076	0.405779565476559	0.0	0.698936170212766	0.725	0.714285714285714	0.141772151898734	0.566544654930076
US	retail-department-stores	0.832629429063912	0.765003369971703	0.0	0.9	0.9	0.964285714285714	0.492063492063492	0.832629429063912
US	financial-services-banks	0.622925000000000	1.0	0.0	0.38	0.2	0.0	0.375	0.622925000000000
US	retail-department-stores	0.806985765092049	0.758673091181278	0.0	0.747272727272727	0.9	1.0	0.347107438016529	0.806985765092049
US	education-education-other	0.782509502436330	0.994562638596982	0.0	0.88	0.375	0.428571428571429	0.866666666666667	0.782509502436330
US	financial-services-accounting	0.402067797265625	1.0	0.0	0.2415625	0.0525	0.142857142857143	0.2	0.402067797265625
CA	pets-pet-services	0.388886573365008	0.727546699152923	0.0	0.65	0.0875	0.178571428571429	0.888888888888889	0.388886573365008
US	restaurants-carry-out	0.727912723775562	0.857895638437856	0.0	0.563157894736842	0.55	0.821428571428571	0.556701030927835	0.727912723775562
US	pets-veterinarians	0.778750327424886	0.955206811277338	0.0	0.486363636363636	0.5	1.0	0.621052631578947	0.778750327424886
GB	legal-legal-other	0.261331752238254	0.446135656023416	0.0	0.3	0.21	0.476190476190476	0.0	0.261331752238254
US	health-care-physicians	0.762959886781724	0.996676697986622	0.0	0.501966873619048	0.366847826	0.785714285714286	0.714285714285714	0.762959886781724
US	technology-mobile-provider	0.769133356528377	0.955712673850843	0.0	0.5	0.5	1.0	0.24390243902439	0.769133356528377
US	restaurants-carry-out	0.720361531579866	0.856527139790121	0.0	0.510526315789474	0.5	0.857142857142857	0.53	0.720361531579866
US	restaurants-fine-dining	0.672565030502450	0.872827054715909	0.0	0.394257425742574	0.37	0.580357142857143	0.787128712871287	0.672565030502450
US	financial-services-financial-services-other	0.614271928489601	0.72391096517152	0.0	0.55	0.325	0.5	0.555555555555556	0.614271928489601
GB	real-estate-real-estate-agency	0.704147812156240	0.986172484557031	0.0	0.31	0.31	0.857142857142857	0.351351351351351	0.704147812156240
US	home-services-interior-design	0.436295729987480	0.2495339241727	0.0	0.88	0.425	0.571428571428571	0.84375	0.436295729987480
US	beauty-beauty-other	0.753281550153062	0.9468136592045	0.0	0.571428571428571	0.575	0.464285714285714	0.726315789473684	0.753281550153062
GB	legal-legal-other	0.509197123045022	0.979710833812615	0.0	0.3	0.24	0.285714285714286	0.666666666666667	0.509197123045022
GB	automotive-tires	0.233573031469496	0.49848941704882	0.0	0.58	0.06	0.214285714285714	0.0	0.233573031469496
US	beauty-beauty-other	0.765506419333142	0.895920436587218	0.0	0.88	0.5	0.5	0.810810810810811	0.765506419333142
US	default-default	0.782271411508348	0.999966818160619	0.0	0.519108280254777	0.575	0.928571428571429	0.142857142857143	0.782271411508348
CA	automotive-oem	0.755979280435815	0.988981732945506	0.0	0.38	0.38	0.857142857142857	0.448979591836735	0.755979280435815
US	beauty-beauty-other	0.780503050736239	0.948091075695754	0.0	0.88	0.55	0.357142857142857	0.827586206896552	0.780503050736239
US	home-services-landscaping	0.735681104397066	0.993148556548477	0.0	0.5	0.5	0.321428571428572	0.818181818181818	0.735681104397066
US	home-services-home-services-other	0.858639336549917	0.999890633852821	0.0	0.712765957446809	0.75	0.785714285714286	0.792452830188679	0.858639336549917
CA	financial-services-financial-services-other	0.675157146124830	0.828349536957056	0.0	0.45	0.45	0.535714285714286	0.444444444444444	0.675157146124830
US	retail-retail-other	0.787124462289855	0.813631953255203	0.0	0.683571428571429	0.805	1.0	0.613636363636364	0.787124462289855
US	technology-technology-other	0.459517100750288	0.442615074417497	0.0	0.5	0.325	0.642857142857143	0.0	0.459517100750288
US	automotive-parts	0.743041790631362	0.657309253512461	0.0	0.788461538461538	0.875	1.0	0.584615384615385	0.743041790631362
US	technology-technology-other	0.798050000000000	1.0	0.0	0.5	0.475	1.0	0.473684210526316	0.798050000000000
US	health-care-optometrist-&-opthamologist	0.547165036537624	0.438414360280865	0.0	0.54	0.54	1.0	0.568	0.547165036537624
US	health-care-plastic-&-cosmetic-surgeons	0.630175194203254	0.928261064236697	0.0	0.390909090909091	0.245	0.25	0.636363636363636	0.630175194203254
US	restaurants-fast-food	0.776417612064396	0.812655958966486	0.0	0.559644128113879	0.86	1.0	0.448398576512456	0.776417612064396
US	health-care-pediatricians	0.543702047735348	0.6430499687962	0.0	0.37	0.3	0.821428571428571	0.382352941176471	0.543702047735348
US	entertainment-live-performance-&-sports	0.502201440017175	0.392879963801423	0.0	0.446825396825397	0.675	0.892857142857143	0.256880733944954	0.502201440017175
US	health-care-health-care-other	0.658039673686023	0.972730191809745	0.0	0.252631578947368	0.225	0.428571428571429	0.473684210526316	0.658039673686023
US	entertainment-live-performance-&-sports	0.497907983524151	0.352003362133982	0.0	0.408974358974359	0.755	1.0	0.277904328018223	0.497907983524151
US	entertainment-museums-and-parks	0.577202596225458	0.473990741890074	0.0	0.537942134128834	0.715185185	1.0	0.614730878186969	0.577202596225458
US	restaurants-carry-out	0.712579252336236	0.78277468773792	0.0	0.566410256410256	0.56	0.964285714285714	0.556818181818182	0.712579252336236
US	home-services-cleaning	0.657020481680106	0.840769042625419	0.0	0.665714285714286	0.35	0.357142857142857	0.666666666666667	0.657020481680106
US	home-services-interior-design	0.648042070266122	0.747372084004449	0.0	0.38	0.38	1.0	0.935483870967742	0.648042070266122
US	home-services-general-contracting	0.517368191330649	0.489251963809408	0.0	0.93	0.175	0.428571428571429	0.517241379310345	0.517368191330649
US	real-estate-real-estate-other	0.529300870648564	0.590774371585991	0.0	0.93	0.2	0.285714285714286	0.5	0.529300870648564
US	home-services-moving-&-storage	0.901604012139388	0.948063482036719	0.0	0.874084507042254	0.885	1.0	0.71264367816092	0.901604012139388
US	health-care-health-care-other	0.616504392660743	0.91888033134227	0.0	0.250909090909091	0.185	0.642857142857143	0.30952380952381	0.616504392660743
US	automotive-rental	0.877415947139423	0.883908365547224	0.0	0.900618556701031	0.95	1.0	0.645161290322581	0.877415947139423
US	automotive-parts	0.736607185459771	0.929932163118073	0.0	0.38	0.38	1.0	0.702127659574468	0.736607185459771
US	technology-mobile-provider	0.779689911485627	0.992809755454074	0.0	0.5	0.5	1.0	0.080808080808081	0.779689911485627
US	pets-veterinarians	0.772528147263537	0.854802492644396	0.0	0.552040816326531	0.7	1.0	0.651282051282051	0.772528147263537
GB	uk-take-away-food-supplier	0.483072754084553	0.429434192009291	0.0	0.43	0.43	1.0	0.48421052631579	0.483072754084553
US	health-care-home-care	0.578647873221398	0.938233136444412	0.0	0.24	0.24	0.0	0.545454545454545	0.578647873221398
US	retail-retail-clothing	0.719468820207943	0.725523848891126	0.0	0.694285714285714	0.655	1.0	0.674698795180723	0.719468820207943
US	beauty-spa	0.703056041847956	0.838234407310095	0.0	0.57	0.47	0.857142857142857	0.379310344827586	0.703056041847956
CA	health-care-dentists	0.770537270166959	0.99339553379037	0.0	0.334745762711864	0.375	1.0	0.463768115942029	0.770537270166959
GB	hospitality-&-travel-hotel-&-motel	0.776523143808874	0.879402033169251	0.0	0.595395683453238	0.658181818181818	1.0	0.537678207739308	0.776523143808874
US	financial-services-accounting	0.447116753929140	1.0	0.0	0.045228625	0.045	0.035714285714286	0.0	0.447116753929140
US	restaurants-fast-food	0.778280163798718	0.86853347646559	0.0	0.535702479338843	0.77	1.0	0.462809917355372	0.778280163798718
US	health-care-optometrist-&-opthamologist	0.549934695213978	0.820401224440576	0.0	0.32	0.2	0.035714285714286	0.75	0.549934695213978
US	entertainment-amusement-park	0.653593954797117	0.61167538555939	0.0	0.671428571428572	0.65	0.892857142857143	0.285714285714286	0.653593954797117
US	retail-retail-clothing	0.752172533157527	0.785214434367484	0.0	0.88	0.525	0.964285714285714	0.638888888888889	0.752172533157527
US	real-estate-real-estate-agency	0.730340476190476	1.0	0.0	0.52	0.395	0.428571428571429	0.361111111111111	0.730340476190476
US	automotive-tires	0.511708437838863	0.430543134409388	0.0	0.675172413793103	0.745	0.357142857142857	0.561224489795918	0.511708437838863
US	health-care-senior-care	0.731381518424128	0.968304119232915	0.0	0.356666666666667	0.385	1.0	0.4375	0.731381518424128
US	technology-technology-other	0.720130452057549	0.975084467942994	0.0	0.299154362416107	0.55	1.0	0.212418300653595	0.720130452057549
US	beauty-spa	0.686132393558943	0.923474209386103	0.0	0.432631578947368	0.405	0.5	0.617647058823529	0.686132393558943
CA	automotive-oem	0.737811631099988	0.978009992665532	0.0	0.38	0.38	0.964285714285714	0.153061224489796	0.737811631099988
GB	technology-electronics	0.100000000000000	0.0	0.0	0.0	0.0	0.0	0.0	0.100000000000000
US	hospitality-&-travel-hotel-&-motel	0.776412856537878	0.871237991842111	0.0	0.65492795389049	0.63	0.8	0.511423550087873	0.776412856537878
US	default-default	0.836099937589977	0.976271096569336	0.0	0.585365853658537	0.675	1.0	0.311111111111111	0.836099937589977
CA	automotive-oem	0.812040550124212	0.934667303460491	0.0	0.6	0.535	0.964285714285714	0.675	0.812040550124212
GB	restaurants-fine-dining	0.593291947432738	0.93409313858965	0.0	0.32	0.173333333333333	0.053571428571429	0.6875	0.593291947432738
US	automotive-automotive-other	0.759981660181592	0.787411551391004	0.0	0.88	0.6	1.0	0.736842105263158	0.759981660181592
US	retail-retail-other	0.866961886178375	0.858807617004533	0.0	0.93	0.9	1.0	0.807692307692308	0.866961886178375
US	technology-mobile-provider	0.780057648233482	0.994695385312333	0.0	0.5	0.5	1.0	0.105042016806723	0.780057648233482
US	automotive-parts	0.786028979404858	0.764582951166376	0.0	0.9	0.82	0.714285714285714	0.880952380952381	0.786028979404858
US	health-care-physicians	0.767721747502525	0.992988163944313	0.0	0.288050314465409	0.395	1.0	0.407894736842105	0.767721747502525
US	retail-big-box	0.667836842443025	0.858972176025611	0.0	0.88	0.2	0.428571428571429	0.133333333333333	0.667836842443025
US	pets-pets-other	0.633070999636471	0.68984255252726	0.0	0.66764705882353	0.475	0.571428571428571	0.204819277108434	0.633070999636471
US	pets-veterinarians	0.786075730108218	0.948635276864844	0.0	0.5	0.6	1.0	0.552631578947369	0.786075730108218
US	home-services-home-services-other	0.797033838529064	0.987485121422053	0.0	0.5	0.5	1.0	0.290322580645161	0.797033838529064
US	financial-services-insurance	0.733017196812882	0.875813703987727	0.0	0.682903225806452	0.745	0.071428571428571	0.352112676056338	0.733017196812882
GB	hospitality-&-travel-hotel-&-motel	0.722844217595203	0.809085314167788	0.0	0.445981308411215	0.7	1.0	0.428695652173913	0.722844217595203
US	automotive-dealer	0.898321618622939	0.923028389972131	0.0	0.756617647058824	0.925900025900026	1.0	0.607476635514019	0.898321618622939
US	entertainment-amusement-park	0.543281423402134	0.385313790696335	0.0	0.232008368200837	0.93	1.0	0.077705827937095	0.543281423402134
US	health-care-physicians	0.753011295378384	0.912331985356056	0.0	0.415347593582888	0.435	1.0	0.645604395604396	0.753011295378384
US	entertainment-amusement-park	0.594497902370070	0.309392195661926	0.0	0.88	0.88	1.0	0.564102564102564	0.594497902370070
US	legal-law-firm	0.595217259866846	0.64367493574176	0.0	0.663157894736842	0.47	0.321428571428572	0.815789473684211	0.595217259866846
US	entertainment-museums-and-parks	0.581535546481876	0.487594409120506	0.0	0.49454454472973	0.715185185	1.0	0.681638044914135	0.581535546481876
US	legal-law-firm	0.744911637156414	0.99435760496456	0.0	0.602631578947368	0.475	0.142857142857143	0.727272727272727	0.744911637156414
US	legal-law-firm	0.620450261887774	0.702872254581462	0.0	0.696666666666667	0.375	0.571428571428571	0.75	0.620450261887774
US	retail-big-box	0.667376074100532	0.489978125811635	0.0	0.88	0.88	1.0	0.415094339622642	0.667376074100532
US	health-care-health-care-other	0.618194102302809	0.999283943715792	0.0	0.274815254237288	0.175	0.392857142857143	0.105263157894737	0.618194102302809
US	pets-pet-services	0.475295729912921	0.259472600579874	0.0	0.640909090909091	0.65	0.714285714285714	0.686567164179105	0.475295729912921
US	technology-mobile-provider	0.783879401007430	0.981888887456293	0.0	0.5	0.5	1.0	0.192307692307692	0.783879401007430
US	retail-retail-other	0.859014018848387	0.855141649122334	0.0	0.88	0.88	1.0	0.562874251497006	0.859014018848387
US	automotive-automotive-other	0.808671036885364	0.963445765413779	0.0	0.57	0.57	0.964285714285714	0.272727272727273	0.808671036885364
US	restaurants-restaurants-other	0.585589810052810	0.787966399067359	0.0	0.387226890756303	0.346666666666667	0.303571428571429	0.705882352941177	0.585589810052810
US	automotive-tires	0.500711838929190	0.371033772131607	0.0	0.519607843137255	0.525	1.0	0.283783783783784	0.500711838929190
US	health-care-plastic-&-cosmetic-surgeons	0.616071844431594	0.96146829281472	0.0	0.2	0.2	0.142857142857143	0.916666666666667	0.616071844431594
US	default-default	0.777950000000000	1.0	0.0	0.5	0.5	1.0	0.05	0.777950000000000
US	entertainment-museums-and-parks	0.732760302835853	0.88713109734196	0.0	0.232869665177755	0.715185185	1.0	0.566007047980483	0.732760302835853
US	hospitality-&-travel-hospitality-&-travel-other	0.711286731289931	0.773848082849214	0.0	0.466342182890855	0.7	1.0	0.536833855799373	0.711286731289931
US	beauty-hair-grooming	0.696292949105595	0.74456870079859	0.0	0.735714285714286	0.7	0.428571428571429	0.51	0.696292949105595
US	hospitality-&-travel-hospitality-&-travel-other	0.737898090815643	0.826541183275683	0.0	0.59	0.59	1.0	0.459276018099548	0.737898090815643
CA	automotive-automotive-other	0.693095702693802	0.815859167896105	0.0	0.45	0.45	1.0	0.706563706563707	0.693095702693802
US	health-care-dentists	0.757869462116831	1.0	0.0	0.562631578947368	0.435	0.464285714285714	0.807692307692308	0.757869462116831
US	education-education-other	0.752837196078265	0.983773806510681	0.0	0.88	0.4	0.214285714285714	0.918918918918919	0.752837196078265
US	home-services-cleaning	0.711084957737479	0.930300876311853	0.0	0.5	0.475	0.428571428571429	0.653061224489796	0.711084957737479
US	real-estate-real-estate-agency	0.766788624338624	1.0	0.0	0.648148148148148	0.6	0.095238095238095	0.925925925925926	0.766788624338624
US	automotive-automotive-other	0.749248072562358	1.0	0.0	0.335714285714286	0.4	1.0	0.163265306122449	0.749248072562358
US	pets-veterinarians	0.769601008052901	0.947499922197663	0.0	0.491666666666667	0.5	0.964285714285714	0.621212121212121	0.769601008052901
US	legal-law-firm	0.635091237017753	0.986460140838806	0.0	0.5203	0.15	0.428571428571429	0.428571428571429	0.635091237017753
US	retail-retail-clothing	0.672762316392027	0.680643958076778	0.0	0.687692307692308	0.58	0.892857142857143	0.731958762886598	0.672762316392027
US	technology-internet-service-provider	0.188878643700145	0.968037102496304	0.0	0.5	0.0075	0.0	0.111111111111111	0.188878643700145
US	health-care-home-care	0.590266285915635	0.851695044142696	0.0	0.43	0.3	0.142857142857143	1.0	0.590266285915635
US	health-care-medical-spa	0.131761011904762	0.166666666666667	0.0	0.38	0.0075	0.071428571428571	1.0	0.131761011904762
US	health-care-optometrist-&-opthamologist	0.593876539323431	0.781286750157958	0.0	0.34	0.27	0.428571428571429	0.638888888888889	0.593876539323431
US	financial-services-financial-services-other	0.809510848075369	0.988694306130128	0.0	0.610769230769231	0.53	0.857142857142857	0.67741935483871	0.809510848075369
US	legal-law-firm	0.667328578169618	0.912900888392806	0.0	0.55	0.25	0.321428571428572	0.642857142857143	0.667328578169618
US	health-care-optometrist-&-opthamologist	0.594366211293367	0.995691927131055	0.0	0.41	0.1575	0.321428571428572	0.6	0.594366211293367
US	automotive-tires	0.694806963062977	0.940600139285468	0.0	0.448965517241379	0.43	0.392857142857143	0.741176470588235	0.694806963062977
US	financial-services-insurance	0.727149082711254	0.97251427195643	0.0	0.519047619047619	0.55	0.428571428571429	0.373831775700935	0.727149082711254
US	home-services-home-services-other	0.882757692307692	1.0	0.0	0.88	0.65	1.0	0.884615384615385	0.882757692307692
GB	uk-take-away-food-supplier	0.244753695088294	0.625483899717229	0.0	0.3	0.06	0.142857142857143	0.25	0.244753695088294
US	retail-retail-clothing	0.727793689087412	0.701171308547453	0.0	0.88	0.605	0.964285714285714	0.720588235294118	0.727793689087412
US	health-care-medical-spa	0.438240054371402	0.308046832001274	0.0	0.513333333333333	0.505	0.642857142857143	0.784810126582278	0.438240054371402
GB	uk-take-away-food-supplier	0.324630285177576	0.367952962947434	0.0	0.3	0.25	0.25	0.333333333333333	0.324630285177576
US	retail-big-box	0.654742455966234	0.579620172525841	0.0	0.88	0.575	0.964285714285714	0.473684210526316	0.654742455966234
US	health-care-home-care	0.624771428571429	1.0	0.0	0.31	0.265	0.035714285714286	0.5	0.624771428571429
MX	entertainment-museums-and-parks	0.593999134507981	0.657026777331627	0.0	0.495432099	0.495432099	1.0	0.219354838709677	0.593999134507981
US	automotive-repair-&-service	0.841337467443172	0.934580837347581	0.0	0.88	0.85	0.571428571428571	0.7	0.841337467443172
US	home-services-moving-&-storage	0.913059149360196	0.97484492698992	0.0	0.91	0.91	1.0	0.27027027027027	0.913059149360196
US	automotive-automotive-other	0.775755776580017	0.840915579026274	0.0	0.88	0.6	0.857142857142857	0.628571428571429	0.775755776580017
US	entertainment-live-performance-&-sports	0.526816519410207	0.315663512171503	0.0	0.483962264150943	0.95	1.0	0.323529411764706	0.526816519410207
US	automotive-dealer	0.877966285201345	0.960829054448096	0.0	0.574265402843602	0.85	1.0	0.777380952380952	0.877966285201345
US	automotive-automotive-other	0.842975509434705	0.984675101834116	0.0	0.635217391304348	0.645	0.964285714285714	0.411764705882353	0.842975509434705
US	beauty-beauty-other	0.728628594881321	0.840063215987148	0.0	0.9	0.52	0.392857142857143	0.619047619047619	0.728628594881321
US	home-services-general-contracting	0.447121676343850	0.471968435687158	0.0	0.38	0.38	0.428571428571429	0.68421052631579	0.447121676343850
US	automotive-tires	0.449481353944732	0.355418935694686	0.0	0.511304347826087	0.32	0.964285714285714	0.407407407407407	0.449481353944732
US	financial-services-insurance	0.716513167959281	0.99017264598104	0.0	0.88	0.2	0.214285714285714	0.5	0.716513167959281
US	default-default	0.788871291330790	0.974212547905403	0.0	0.535714285714286	0.575	1.0	0.2	0.788871291330790
US	pets-pet-services	0.580720255641391	0.953495072721002	0.0	0.5	0.1575	0.321428571428572	0.642857142857143	0.580720255641391
US	health-care-hospitals-&-facilities	0.744355590139799	0.907364531515978	0.0	0.590909090909091	0.366666666666667	1.0	0.590909090909091	0.744355590139799
VG	hospitality-&-travel-hospitality-&-travel-other	0.686053742008844	0.774144546336993	0.0	0.37640831758034	0.59	1.0	0.921666666666667	0.686053742008844
US	automotive-automotive-other	0.742818790972010	0.742296737426386	0.0	0.59950495049505	0.675	1.0	0.458823529411765	0.742818790972010
GB	uk-take-away-food-supplier	0.406593071130289	0.476705976067645	0.0	0.43	0.2	0.428571428571429	0.25	0.406593071130289
US	retail-big-box	0.729641861622531	0.669597982547582	0.0	0.88	0.775	0.928571428571429	0.51219512195122	0.729641861622531
US	pets-pets-other	0.183712987303561	1.0	0.0	0.04927771875	0.0075	0.0	1.0	0.183712987303561
US	home-services-general-contracting	0.695658730158730	1.0	0.0	0.62	0.245	0.107142857142857	0.8	0.695658730158730
US	home-services-landscaping	0.157308071808893	0.344173274487779	0.0	0.38	0.02	0.0	0.818181818181818	0.157308071808893
US	retail-supermarkets	0.867214280702581	0.882883491509321	0.0	0.88	0.88	1.0	0.568493150684932	0.867214280702581
ZA	hospitality-&-travel-activities	0.604971958736090	0.858262891844264	0.0	0.241737891923077	0.214814815	0.75	0.757575757575758	0.604971958736090
US	pets-pet-services	0.372008824022808	0.666601713372079	0.0	0.38	0.12	0.071428571428571	1.0	0.372008824022808
GB	legal-legal-other	0.334113854301418	0.26586160741786	0.0	0.3	0.3	0.666666666666667	0.625	0.334113854301418
GB	automotive-tires	0.334072516251492	0.375949741621121	0.0	0.3	0.25	0.285714285714286	0.357142857142857	0.334072516251492
US	automotive-parts	0.735579635087493	0.926731535289375	0.0	0.38	0.38	1.0	0.661290322580645	0.735579635087493
US	health-care-home-care	0.533129340655319	0.971387340721847	0.0	0.1937145	0.045	0.285714285714286	0.636363636363636	0.533129340655319
US	health-care-hospitals-&-facilities	0.819718351125088	0.974046751198189	0.0	0.71	0.46	1.0	0.886075949367089	0.819718351125088
GB	uk-take-away-food-supplier	0.357408601123146	0.388127368667256	0.0	0.3	0.225	0.571428571428571	0.083333333333333	0.357408601123146
US	technology-electronics	0.100000000000000	0.0	0.0	0.0	0.0	0.0	0.0	0.100000000000000
US	health-care-physicians	0.805982089607953	0.973257201121287	0.0	0.564785586136986	0.576086956	0.857142857142857	0.692307692307692	0.805982089607953
US	beauty-beauty-other	0.836971317186347	0.99710892442209	0.0	0.768421052631579	0.75	0.5	0.711538461538462	0.836971317186347
US	restaurants-carry-out	0.672107653787487	0.7418026975462	0.0	0.575862068965517	0.5	0.928571428571429	0.515151515151515	0.672107653787487
US	restaurants-fast-food	0.775493355209624	0.825108022870918	0.0	0.459834710743802	0.74	1.0	0.766590389016018	0.775493355209624
US	health-care-plastic-&-cosmetic-surgeons	0.577886263629506	0.682410344539411	0.0	0.310909090909091	0.27	0.857142857142857	0.681818181818182	0.577886263629506
US	home-services-general-contracting	0.725250680299916	0.726677773206825	0.0	0.88	0.805	0.464285714285714	0.578947368421053	0.725250680299916
US	entertainment-other	0.468766932187011	0.426995859485816	0.0	0.38	0.38	0.928571428571429	0.772727272727273	0.468766932187011
US	health-care-optometrist-&-opthamologist	0.624533488341556	0.97163674869403	0.0	0.32	0.295	0.0	0.814814814814815	0.624533488341556
US	financial-services-accounting	0.474407381718750	1.0	0.0	0.0432625	0.05	0.0	0.0	0.474407381718750
US	health-care-hospitals-&-facilities	0.800016725886489	0.994450410289324	0.0	0.71	0.526666666666667	0.523809523809524	0.869565217391304	0.800016725886489
US	education-education-other	0.762888095238095	1.0	0.0	0.625	0.575	0.285714285714286	0.916666666666667	0.762888095238095
US	automotive-dealer	0.885236567416117	0.964463928554846	0.0	0.672045454545455	0.808484848484849	1.0	0.478947368421053	0.885236567416117
US	real-estate-real-estate-other	0.619079849545296	0.783128800790928	0.0	0.173028391167192	0.55	0.892857142857143	0.824917413874469	0.619079849545296
US	retail-department-stores	0.854234092289919	0.803825923711342	0.0	0.9	0.9	1.0	0.474178403755869	0.854234092289919
US	hospitality-&-travel-hotel-&-motel	0.736712762493294	0.762423682835381	0.0	0.665697042848521	0.69	1.0	0.561318206374933	0.736712762493294
US	automotive-repair-&-service	0.867565029273432	0.986168965813443	0.0	0.88	0.7	0.892857142857143	0.760869565217391	0.867565029273432
US	real-estate-property-management	0.835826496331429	0.992741148975706	0.0	0.59	0.59	1.0	0.616666666666667	0.835826496331429
US	automotive-parts	0.729946421348967	0.936051229933977	0.0	0.5	0.5	0.571428571428571	0.423076923076923	0.729946421348967
US	home-services-cleaning	0.631756383646774	0.668353919762879	0.0	0.88	0.425	0.5	0.740740740740741	0.631756383646774
US	restaurants-carry-out	0.667895024024104	0.816855734159979	0.0	0.7	0.475	0.392857142857143	0.421052631578947	0.667895024024104
US	automotive-rental	0.881384113144779	0.920130020049213	0.0	0.884683840749415	0.913333333333333	1.0	0.642166344294004	0.881384113144779
US	health-care-hospitals-&-facilities	0.804538383825947	0.999449690023798	0.0	0.76	0.35	0.857142857142857	0.78125	0.804538383825947
US	default-default	0.853859663620058	0.827470320960922	0.0	0.95	0.95	1.0	0.492063492063492	0.853859663620058
US	beauty-hair-grooming	0.488890729507045	0.629650662745184	0.0	0.505	0.2	0.142857142857143	0.761904761904762	0.488890729507045
US	financial-services-insurance	0.694919578264821	0.856373214220648	0.0	0.88	0.25	0.571428571428571	0.692307692307692	0.694919578264821
US	automotive-dealer	0.864009996659902	0.902219449278402	0.0	0.602465753424658	0.936060606060606	1.0	0.551173708920188	0.864009996659902
US	health-care-home-care	0.508343229505058	0.882931683360999	0.0	0.24	0.1575	0.214285714285714	0.857142857142857	0.508343229505058
US	entertainment-other	0.562811676344069	0.564845257845039	0.0	0.3	0.55	1.0	0.1125	0.562811676344069
US	home-services-interior-design	0.539905046607167	0.542495161274998	0.0	0.42	0.43	0.857142857142857	0.835164835164835	0.539905046607167
US	health-care-plastic-&-cosmetic-surgeons	0.558328044023716	0.765421664188341	0.0	0.3	0.275	0.357142857142857	0.571428571428571	0.558328044023716
US	health-care-plastic-&-cosmetic-surgeons	0.651671904004100	0.960673143902115	0.0	0.15	0.15	0.857142857142857	0.777777777777778	0.651671904004100
US	health-care-pediatricians	0.419413256248962	0.343982721692365	0.0	0.265217391304348	0.275	1.0	0.227848101265823	0.419413256248962
US	education-education-other	0.775535536712881	0.929539791330289	0.0	0.9	0.47	0.571428571428571	0.727272727272727	0.775535536712881
US	financial-services-accounting	0.489071087872000	1.0	0.0	0.044568	0.05	0.0	0.0	0.489071087872000
US	default-default	0.779681908387322	0.85954658521361	0.0	0.607142857142857	0.725	0.964285714285714	0.326530612244898	0.779681908387322
US	retail-special-services	0.796690211640212	1.0	0.0	0.88	0.55	0.357142857142857	0.481481481481482	0.796690211640212
US	health-care-plastic-&-cosmetic-surgeons	0.776522508353780	0.978907029463306	0.0	0.413478260869565	0.42	1.0	0.738461538461539	0.776522508353780
US	retail-retail-clothing	0.678765882657603	0.846650489388694	0.0	0.88	0.25	0.428571428571429	0.6	0.678765882657603
US	technology-technology-other	0.589062212777863	0.455791898352258	0.0	0.53952380952381	0.88	1.0	0.560295324036095	0.589062212777863
US	beauty-hair-grooming	0.764777135481998	0.901732735191637	0.0	0.93	0.55	0.285714285714286	0.626666666666667	0.764777135481998
US	restaurants-fine-dining	0.721396282704594	0.862616016336362	0.0	0.413023255813954	0.493333333333333	1.0	0.702330508474576	0.721396282704594
US	automotive-dealer	0.894358077304759	0.915769532536123	0.0	0.798178137651822	0.93	1.0	0.702857142857143	0.894358077304759
US	health-care-pediatricians	0.581034046466619	0.870634192941129	0.0	0.3	0.215	0.321428571428572	0.217391304347826	0.581034046466619
US	restaurants-fast-food	0.798123878854371	0.963101223655936	0.0	0.509302325581395	0.7	1.0	0.598130841121495	0.798123878854371
US	entertainment-other	0.509797781953246	0.268672461410566	0.0	0.88	0.6	1.0	0.655172413793103	0.509797781953246
US	real-estate-property-management	0.823769713936695	0.974518590238635	0.0	0.59	0.59	1.0	0.433628318584071	0.823769713936695
US	legal-law-firm	0.728726792203738	0.739848135286539	0.0	0.675263157894737	0.62	0.928571428571429	0.405797101449275	0.728726792203738
US	retail-retail-clothing	0.693746196828636	0.537165609381886	0.0	0.88	0.88	1.0	0.691318327974277	0.693746196828636
GB	uk-take-away-food-supplier	0.230837142857143	1.0	0.0	0.3	0.02	0.071428571428571	0.5	0.230837142857143
US	beauty-hair-grooming	0.754294642857143	1.0	0.0	0.38	0.38	0.928571428571429	0.8125	0.754294642857143
US	real-estate-real-estate-other	0.477487905282923	0.38281487406155	0.0	0.596153846153846	0.625	0.571428571428571	0.804878048780488	0.477487905282923
US	restaurants-fast-food	0.772192761169132	0.895806108440862	0.0	0.393023255813954	0.7	1.0	0.702330508474576	0.772192761169132
US	health-care-optometrist-&-opthamologist	0.675575168892232	0.918981931505555	0.0	0.273170731707317	0.275	1.0	0.628571428571429	0.675575168892232
US	retail-department-stores	0.812168572761898	0.719373259359637	0.0	0.9	0.9	1.0	0.351351351351351	0.812168572761898
US	health-care-hospitals-&-facilities	0.793894146817277	0.996383150316779	0.0	0.538181818181818	0.42	1.0	0.765217391304348	0.793894146817277
US	health-care-dentists	0.788593549691337	0.999917913799004	0.0	0.368947368421053	0.44	1.0	0.291666666666667	0.788593549691337
US	retail-supermarkets	0.856713473372050	0.873948861833885	0.0	0.88	0.88	1.0	0.598870056497175	0.856713473372050
US	retail-big-box	0.668740338079929	0.85363031323692	0.0	0.5	0.325	0.821428571428571	0.117647058823529	0.668740338079929
US	automotive-repair-&-service	0.832669721381692	0.957350074339898	0.0	0.642857142857143	0.675	1.0	0.695652173913044	0.832669721381692
US	wedding-&-special-events-party-venues	0.626296601089936	0.45625599138425	0.0	0.541616161616162	0.9	1.0	0.819290465631929	0.626296601089936
US	entertainment-other	0.696524818312144	0.852991792924773	0.0	0.160497237569061	0.55	1.0	0.149171270718232	0.696524818312144
GB	restaurants-restaurants-other	0.597084470859246	0.838864778307823	0.0	0.111954022988506	0.229150326797386	1.0	0.704845814977974	0.597084470859246
US	automotive-parts	0.741216727704267	0.875204206199185	0.0	0.88	0.4	0.5	0.75	0.741216727704267
GB	legal-legal-other	0.654312286563840	0.862454617865952	0.0	0.3	0.3	0.904761904761905	0.577777777777778	0.654312286563840
US	education-education-other	0.748541831227836	0.995665373642202	0.0	0.537037037037037	0.525	0.392857142857143	0.943396226415094	0.748541831227836
US	health-care-home-care	0.626035323763021	0.995389549629748	0.0	0.43	0.2	0.0	0.444444444444444	0.626035323763021
US	home-services-interior-design	0.456035255317226	0.332797897148857	0.0	0.603333333333333	0.545	0.428571428571429	0.821428571428571	0.456035255317226
US	health-care-pediatricians	0.398994719422125	0.315645199986844	0.0	0.37	0.37	0.964285714285714	0.5	0.398994719422125
US	retail-retail-other	0.830614395216625	0.962171207565953	0.0	0.570796460176991	0.695	1.0	0.706896551724138	0.830614395216625
US	pets-pet-services	0.477736656593079	0.633222901247668	0.0	0.43	0.1575	0.571428571428571	0.714285714285714	0.477736656593079
US	restaurants-fast-food	0.834454917604286	0.99193650864386	0.0	0.470212765957447	0.7	1.0	0.453900709219858	0.834454917604286
US	health-care-optometrist-&-opthamologist	0.574444567337610	0.997119723598278	0.0	0.17	0.108	0.5	0.153846153846154	0.574444567337610
US	hospitality-&-travel-hospitality-&-travel-other	0.730525754823353	0.777260353071778	0.0	0.91	0.375	1.0	0.727272727272727	0.730525754823353
US	financial-services-financial-services-other	0.661278571428572	1.0	0.0	0.38	0.25	0.214285714285714	0.7	0.661278571428572
US	restaurants-restaurants-other	0.619508087595912	0.806141440133475	0.0	0.419291187739464	0.408333333333333	0.375	0.646759847522236	0.619508087595912
US	home-services-general-contracting	0.736187176956722	0.902021374816365	0.0	0.576923076923077	0.325	0.821428571428571	0.769230769230769	0.736187176956722
US	real-estate-real-estate-agency	0.723501863354037	1.0	0.0	0.5	0.475	0.285714285714286	0.217391304347826	0.723501863354037
US	financial-services-insurance	0.704163442893266	0.979066955046186	0.0	0.52	0.52	0.214285714285714	0.392857142857143	0.704163442893266
US	automotive-parts	0.836333264320221	1.0	0.0	0.88	0.55	0.785714285714286	0.695652173913044	0.836333264320221
US	financial-services-accounting	0.356328908106445	1.0	0.0	0.046565625	0.035	0.0	0.0	0.356328908106445
CA	automotive-oem	0.742848357824594	0.925025803140571	0.0	0.391904761904762	0.405	1.0	0.221052631578947	0.742848357824594
US	pets-pet-services	0.100000000000000	0.0	0.0	0.0	0.0	0.0	0.0	0.100000000000000
CA	health-care-optometrist-&-opthamologist	0.467977690780199	0.975501883671548	0.0	0.15	0.12	0.321428571428572	0.333333333333333	0.467977690780199
US	beauty-hair-grooming	0.386435639102706	0.294307353117694	0.0	0.43	0.35	0.714285714285714	0.636363636363636	0.386435639102706
US	home-services-moving-&-storage	0.915462098929118	0.999998951666338	0.0	0.86	0.86	1.0	0.558558558558559	0.915462098929118
US	automotive-repair-&-service	0.837693237194878	0.962623966642503	0.0	0.662790697674419	0.675	1.0	0.666666666666667	0.837693237194878
US	real-estate-real-estate-other	0.477016927570950	0.142527257433426	0.0	0.88	0.83	0.964285714285714	0.75	0.477016927570950
US	home-services-home-services-other	0.791043133457176	0.99801938182355	0.0	0.5	0.5	1.0	0.045454545454546	0.791043133457176
US	wedding-&-special-events-wedding-&-special-events-other	0.262164249863686	0.771231632096678	0.0	0.38	0.0375	0.0	1.0	0.262164249863686
GB	hospitality-&-travel-hotel-&-motel	0.726038656515523	0.869468817658483	0.0	0.4115625	0.535454545454545	1.0	0.644067796610169	0.726038656515523
US	retail-special-services	0.729735076690746	0.937379356676641	0.0	0.38	0.38	1.0	0.795454545454545	0.729735076690746
US	retail-department-stores	0.811550589201406	0.759143013022231	0.0	0.93	0.775	1.0	0.358974358974359	0.811550589201406
US	financial-services-financial-services-other	0.692838046075774	0.85944185227395	0.0	0.88	0.3	0.5	0.076923076923077	0.692838046075774
US	beauty-spa	0.708434508784502	0.874202078751884	0.0	0.43	0.43	1.0	0.529411764705882	0.708434508784502
US	health-care-senior-care	0.763763408029687	0.961994448296525	0.0	0.595555555555556	0.35	0.928571428571429	0.826086956521739	0.763763408029687
US	health-care-plastic-&-cosmetic-surgeons	0.621821666040474	0.980671038566565	0.0	0.47	0.195	0.071428571428571	0.578947368421053	0.621821666040474
US	health-care-health-care-other	0.732478027030994	0.993076310429305	0.0	0.311111111111111	0.325	0.857142857142857	0.396825396825397	0.732478027030994
US	default-default	0.785940648134592	0.999999878911995	0.0	0.507692307692308	0.525	1.0	0.072992700729927	0.785940648134592
US	automotive-tires	0.721448574119894	0.932148910023079	0.0	0.425454545454546	0.43	0.714285714285714	0.770992366412214	0.721448574119894
US	hospitality-&-travel-hospitality-&-travel-other	0.736308854473067	0.818672549019206	0.0	0.560229885057471	0.695	1.0	0.490780141843972	0.736308854473067
US	real-estate-property-management	0.840615129351620	0.991022052799362	0.0	0.573157894736842	0.585	1.0	0.698630136986301	0.840615129351620
GB	hospitality-&-travel-hotel-&-motel	0.719807557518412	0.817881883760544	0.0	0.425485564304462	0.635454545454546	1.0	0.710280373831776	0.719807557518412
US	entertainment-museums-and-parks	0.611490118377005	0.577610240757015	0.0	0.4172830801622	0.715185185	1.0	0.696692470091485	0.611490118377005
US	restaurants-fast-food	0.760347670533154	0.803091962933676	0.0	0.66	0.72	1.0	0.304347826086957	0.760347670533154
GB	health-care-medical-spa	0.100000000000000	0.0	0.0	0.0	0.0	0.0	0.0	0.100000000000000
US	education-education-other	0.784389052426633	0.970543520722257	0.0	0.5	0.5	1.0	0.909090909090909	0.784389052426633
US	financial-services-financial-services-other	0.627475000000000	1.0	0.0	0.38	0.2	0.0	0.625	0.627475000000000
US	health-care-plastic-&-cosmetic-surgeons	0.608423845465356	0.768421574993282	0.0	0.25952380952381	0.275	1.0	0.740458015267176	0.608423845465356
US	retail-big-box	0.727473353727391	0.889328515867367	0.0	0.88	0.325	0.642857142857143	0.266666666666667	0.727473353727391
US	health-care-pediatricians	0.409952293336698	0.354432981938865	0.0	0.453846153846154	0.295	0.714285714285714	0.652173913043478	0.409952293336698
US	automotive-automotive-other	0.702541339566486	0.899243370723261	0.0	0.88	0.275	0.321428571428572	0.461538461538462	0.702541339566486
US	automotive-rental	0.875052862801086	0.901925836255168	0.0	0.795806451612903	1.0	1.0	0.609907120743034	0.875052862801086
GB	beauty-hair-grooming	0.363376908040782	0.466242731075779	0.0	0.43	0.1575	0.5	0.227272727272727	0.363376908040782
GB	restaurants-restaurants-other	0.610518426999773	0.740650642436121	0.0	0.146843657817109	0.536862745098039	1.0	0.62402088772846	0.610518426999773
US	financial-services-financial-services-other	0.620600071374786	0.961513937992947	0.0	0.38	0.2	0.071428571428571	0.769230769230769	0.620600071374786
US	financial-services-banks	0.610474725870906	0.936767927168294	0.0	0.38	0.2	0.142857142857143	0.909090909090909	0.610474725870906
US	financial-services-banks	0.608236426919994	0.893198484083314	0.0	0.38	0.325	0.214285714285714	0.307692307692308	0.608236426919994
GB	beauty-hair-grooming	0.354544285714286	1.0	0.0	0.3	0.06	0.178571428571429	0.25	0.354544285714286
US	beauty-beauty-other	0.709714039911367	0.982020957999108	0.0	0.88	0.2	0.0	0.819672131147541	0.709714039911367
US	automotive-dealer	0.891043395786056	0.929364706186462	0.0	0.661640211640212	0.93	1.0	0.632034632034632	0.891043395786056
US	entertainment-museums-and-parks	0.566913185105745	0.476977277034477	0.0	0.405456526229947	0.735185185	1.0	0.731282051282051	0.566913185105745
US	health-care-hospitals-&-facilities	0.767929272201093	0.897774253563083	0.0	0.71	0.56	0.761904761904762	0.764705882352941	0.767929272201093
MX	entertainment-museums-and-parks	0.604563255208196	0.775440253731012	0.0	0.330617284	0.330617284	1.0	0.0	0.604563255208196
US	beauty-skin-care	0.709792518353624	0.954911845036551	0.0	0.58	0.25	0.642857142857143	0.6	0.709792518353624
GB	restaurants-restaurants-other	0.572113077664445	0.80523511088442	0.0	0.081068702290076	0.124575163398693	1.0	0.853146853146853	0.572113077664445
US	retail-big-box	0.745747853409905	0.924754057249114	0.0	0.710526315789474	0.475	0.642857142857143	0.259259259259259	0.745747853409905
US	restaurants-carry-out	0.740068896104052	0.784718682716364	0.0	0.7	0.6	1.0	0.50561797752809	0.740068896104052
US	health-care-hospitals-&-facilities	0.755489262092958	0.863258509184419	0.0	0.530246913580247	0.666666666666667	1.0	0.278947368421053	0.755489262092958
US	retail-retail-clothing	0.681700140468278	0.617878051016111	0.0	0.88	0.65	0.857142857142857	0.682926829268293	0.681700140468278
US	hospitality-&-travel-hotel-&-motel	0.731904137981498	0.893920082367179	0.0	0.630209205020921	0.5025	0.528571428571429	0.553672316384181	0.731904137981498
US	real-estate-real-estate-agency	0.752759863339275	1.0	0.0	0.519607843137255	0.525	0.333333333333333	0.886363636363636	0.752759863339275
US	health-care-home-care	0.569474341510021	0.990020372714658	0.0	0.24	0.1575	0.428571428571429	0.571428571428571	0.569474341510021
US	beauty-skin-care	0.785970970290017	0.996596787378824	0.0	0.41968253968254	0.505	1.0	0.672955974842767	0.785970970290017
US	home-services-cleaning	0.760677777777778	1.0	0.0	0.633333333333333	0.375	0.5	0.8	0.760677777777778
GB	restaurants-fine-dining	0.576384193323547	0.853653358580611	0.0	0.32	0.206666666666667	0.267857142857143	0.875	0.576384193323547
US	beauty-skin-care	0.677247917087329	0.769550315891395	0.0	0.429382716049383	0.48	0.964285714285714	0.854330708661417	0.677247917087329
US	real-estate-property-management	0.835902637466897	0.997555519523396	0.0	0.59	0.59	0.928571428571429	0.493506493506494	0.835902637466897
US	hospitality-&-travel-activities	0.557618664312459	0.367074414055596	0.0	0.72586134158363	0.735185185	1.0	0.678500986193294	0.557618664312459
US	entertainment-museums-and-parks	0.621876318918387	0.640070093559316	0.0	0.250324503289806	0.715185185	1.0	0.708516638465877	0.621876318918387
US	technology-mobile-provider	0.756871677038764	0.963047154306516	0.0	0.5	0.5	0.857142857142857	0.142857142857143	0.756871677038764
US	retail-big-box	0.707302376230163	0.909560243035319	0.0	0.88	0.2	0.571428571428571	0.125	0.707302376230163
US	retail-special-services	0.771250547901376	0.767787031232598	0.0	0.706363636363637	0.95	0.571428571428571	0.3125	0.771250547901376
GB	restaurants-restaurants-other	0.586233529605759	0.860265418984255	0.0	0.513846153846154	0.169934640522876	0.214285714285714	0.363636363636364	0.586233529605759
US	home-services-interior-design	0.692448318906779	0.992416394270394	0.0	0.6	0.25	0.107142857142857	0.5	0.692448318906779
US	retail-department-stores	0.810069486768596	0.708928657804391	0.0	0.9	0.9	1.0	0.644444444444445	0.810069486768596
US	health-care-pediatricians	0.518954088022974	0.817311197889522	0.0	0.71	0.1305	0.142857142857143	0.379310344827586	0.518954088022974
US	entertainment-museums-and-parks	0.587676399662867	0.475462699134566	0.0	0.563837616302932	0.715185185	1.0	0.712765957446809	0.587676399662867
CA	automotive-oem	0.745015907777809	0.963745385102145	0.0	0.137594936708861	0.435	1.0	0.794285714285714	0.745015907777809
US	home-services-interior-design	0.478053794217371	0.447565454909991	0.0	0.38	0.38	0.75	0.852459016393443	0.478053794217371
US	home-services-home-services-other	0.839640588020439	0.961564854074755	0.0	0.88	0.7	0.678571428571429	0.666666666666667	0.839640588020439
US	financial-services-accounting	0.372504470130892	0.968397437562128	0.0	0.034712	0.05	0.071428571428571	0.0	0.372504470130892
US	financial-services-banks	0.730116678328511	0.775476588051757	0.0	0.633492063492064	0.67	0.964285714285714	0.538461538461538	0.730116678328511
GB	uk-take-away-food-supplier	0.228716752027140	0.704973623434389	0.0	0.3	0.0375	0.285714285714286	0.25	0.228716752027140
CA	automotive-oem	0.776102436779188	0.947322929787257	0.0	0.41	0.41	1.0	0.863905325443787	0.776102436779188
US	home-services-interior-design	0.574940135719790	0.424226271602365	0.0	0.590422535211268	0.645	1.0	0.752941176470588	0.574940135719790
US	health-care-pediatricians	0.495910297480865	0.552046482554431	0.0	0.353255813953488	0.355	0.5	0.595744680851064	0.495910297480865
US	financial-services-financial-services-other	0.612922665197303	0.844683995099019	0.0	0.38	0.38	0.214285714285714	0.74468085106383	0.612922665197303
US	hospitality-&-travel-hotel-&-motel	0.731121957887382	0.803482610863418	0.0	0.518823529411765	0.6675	1.0	0.579839429081178	0.731121957887382
US	hospitality-&-travel-hospitality-&-travel-other	0.723669167866756	0.750242780238592	0.0	0.583525179856115	0.695	1.0	0.714285714285714	0.723669167866756
US	beauty-spa	0.675778497835119	0.852337677797619	0.0	0.41125	0.405	0.857142857142857	0.84375	0.675778497835119
US	retail-supermarkets	0.860576672399295	0.94503421758939	0.0	0.88	0.713333333333333	0.928571428571429	0.620320855614973	0.860576672399295
US	home-services-home-services-other	0.795051927031898	0.991275518275459	0.0	0.88	0.3	0.75	0.846153846153846	0.795051927031898
US	beauty-beauty-other	0.716997736701900	0.99645890049801	0.0	0.533846153846154	0.325	0.357142857142857	0.791666666666667	0.716997736701900
US	retail-retail-other	0.770572987625660	0.800677425749278	0.0	0.639375	0.88	1.0	0.704170708050437	0.770572987625660
US	health-care-health-care-other	0.630014760952381	1.0	0.0	0.1838	0.075	0.928571428571429	0.416666666666667	0.630014760952381
US	financial-services-insurance	0.723448820522614	0.981664653549947	0.0	0.722222222222222	0.45	0.035714285714286	0.756756756756757	0.723448820522614
US	health-care-health-care-other	0.655825993854717	0.976102611365313	0.0	0.32	0.175	0.642857142857143	0.111111111111111	0.655825993854717
US	automotive-dealer	0.872364441499167	0.967502919999984	0.0	0.629568480300188	0.766666666666667	1.0	0.694588584136397	0.872364441499167
US	home-services-home-services-other	0.822748924246316	0.996470107791315	0.0	0.596774193548387	0.575	0.964285714285714	0.709677419354839	0.822748924246316
US	beauty-beauty-other	0.758338247168334	0.925423050586494	0.0	0.88	0.475	0.357142857142857	0.966666666666667	0.758338247168334
US	automotive-automotive-other	0.785485212837375	0.887570808457574	0.0	0.561764705882353	0.575	1.0	0.621621621621622	0.785485212837375
US	automotive-rental	0.890369255072645	0.926908035320565	0.0	0.907326007326007	0.933333333333333	1.0	0.628472222222222	0.890369255072645
US	real-estate-mortgage	0.318191703197277	0.347359161044006	0.0	0.38	0.2	0.142857142857143	0.8	0.318191703197277
US	home-services-cleaning	0.633896946174272	0.969908041211502	0.0	0.88	0.1575	0.0	0.9	0.633896946174272
US	restaurants-fine-dining	0.726061449068970	0.891342571154499	0.0	0.445819134993447	0.543333333333333	1.0	0.687581699346405	0.726061449068970
US	health-care-physicians	0.763944263551572	0.918118736514475	0.0	0.516666666666667	0.525	0.785714285714286	0.691823899371069	0.763944263551572
US	technology-mobile-provider	0.788095833333333	1.0	0.0	0.5	0.5	1.0	0.020833333333333	0.788095833333333
US	technology-mobile-provider	0.783860052910053	1.0	0.0	0.557037037037037	0.545	0.714285714285714	0.259259259259259	0.783860052910053
US	retail-supermarkets	0.866291471411109	0.965100979732892	0.0	0.713333333333333	0.813333333333333	0.857142857142857	0.655844155844156	0.866291471411109
US	automotive-rental	0.880762352132377	0.917457861494647	0.0	0.9	0.9	1.0	0.632	0.880762352132377
US	health-care-plastic-&-cosmetic-surgeons	0.544007578449353	0.977503385281819	0.0	0.044568	0.05	0.75	0.75	0.544007578449353
US	automotive-dealer	0.875734279583859	0.896583616648444	0.0	0.772738095238095	0.847181136120043	1.0	0.6672	0.875734279583859
US	health-care-dentists	0.763607651083916	0.987289814180151	0.0	0.625454545454546	0.45	0.464285714285714	0.583333333333333	0.763607651083916
US	health-care-dentists	0.830555213950844	0.982776774196428	0.0	0.586216216216216	0.57	1.0	0.324324324324324	0.830555213950844
US	home-services-general-contracting	0.446191729394899	0.71038692376074	0.0	0.175	0.075	0.0	0.384615384615385	0.446191729394899
US	health-care-dentists	0.769625162196204	0.934120026509908	0.0	0.707619047619048	0.475	0.714285714285714	0.571428571428571	0.769625162196204
US	pets-veterinarians	0.809041830650162	0.894587579012229	0.0	0.606470588235294	0.855	0.857142857142857	0.474452554744526	0.809041830650162
GB	pets-pet-services	0.100000000000000	0.0	0.0	0.0	0.0	0.0	0.0	0.100000000000000
US	home-services-moving-&-storage	0.891485023706655	0.961509118675714	0.0	0.86	0.86	1.0	0.51	0.891485023706655
US	home-services-moving-&-storage	0.889505967871967	0.960124527300036	0.0	0.86	0.86	1.0	0.575757575757576	0.889505967871967
US	hospitality-&-travel-activities	0.612743681051910	0.98768841269009	0.0	0.330617284	0.225	0.071428571428571	0.636363636363636	0.612743681051910
US	home-services-cleaning	0.649122298892285	0.754648682546614	0.0	0.88	0.25	0.5	0.6	0.649122298892285
US	default-default	0.791996573486392	0.985293651002324	0.0	0.520618556701031	0.55	1.0	0.158415841584158	0.791996573486392
US	retail-retail-other	0.783754199693659	0.714881709247954	0.0	0.88	0.88	1.0	0.574324324324324	0.783754199693659
US	beauty-spa	0.684541900485438	0.874076440899987	0.0	0.38	0.38	0.857142857142857	0.857142857142857	0.684541900485438
US	financial-services-accounting	0.474840006718750	1.0	0.0	0.0432625	0.05	0.0	0.0	0.474840006718750
US	financial-services-financial-services-other	0.658795238095238	1.0	0.0	0.38	0.225	0.214285714285714	0.666666666666667	0.658795238095238
US	restaurants-carry-out	0.661294072482255	0.755096911879517	0.0	0.489189189189189	0.475	0.857142857142857	0.568627450980392	0.661294072482255
US	retail-special-services	0.784253781670162	0.928772221546431	0.0	0.409649122807018	0.63	1.0	0.41358024691358	0.784253781670162
US	health-care-hospitals-&-facilities	0.763222777300914	0.935819079039767	0.0	0.76	0.35	0.857142857142857	0.571428571428571	0.763222777300914
US	automotive-rental	0.895019778310027	0.9460884386303	0.0	0.905263157894737	0.916666666666667	1.0	0.545454545454545	0.895019778310027
US	technology-internet-service-provider	0.100000000000000	0.0	0.0	0.0	0.0	0.0	0.0	0.100000000000000
US	home-services-home-services-other	0.786785714285714	1.0	0.0	0.88	0.3	0.642857142857143	0.85	0.786785714285714
US	health-care-senior-care	0.744965646662328	0.916728441434529	0.0	0.67030303030303	0.55	0.5	0.790697674418605	0.744965646662328
US	education-education-other	0.766639560439560	1.0	0.0	0.9	0.47	0.142857142857143	0.692307692307692	0.766639560439560
US	restaurants-carry-out	0.663297355573384	0.642568648213603	0.0	0.530769230769231	0.675	1.0	0.593333333333333	0.663297355573384
GB	hospitality-&-travel-hotel-&-motel	0.733022093102573	0.957111116014453	0.0	0.292180267965895	0.435454545454546	1.0	0.833333333333333	0.733022093102573
US	financial-services-banks	0.649104381428695	0.63837357740057	0.0	0.630434782608696	0.575	1.0	0.291666666666667	0.649104381428695
US	legal-legal-other	0.265645432472925	1.0	0.0	0.047923625	0.025	0.035714285714286	0.0	0.265645432472925
US	health-care-medical-spa	0.004360000000000	0.0	0.0	0.0	0.0	0.0	0.0	0.004360000000000
US	retail-special-services	0.858632047705995	0.881442202844428	0.0	0.745068493150685	0.93	1.0	0.311320754716981	0.858632047705995
US	automotive-dealer	0.868767639911589	0.933681298199871	0.0	0.55011944577162	0.87	1.0	0.776099311995214	0.868767639911589
US	beauty-spa	0.709821362661351	0.915076801025756	0.0	0.7125	0.395	0.357142857142857	0.75	0.709821362661351
US	financial-services-financial-services-other	0.664090928146335	0.920348126175488	0.0	0.561818181818182	0.275	0.357142857142857	0.583333333333333	0.664090928146335
US	retail-retail-other	0.775020892815092	0.744517857057039	0.0	0.88	0.88	0.785714285714286	0.607142857142857	0.775020892815092
US	wedding-&-special-events-party-venues	0.674987407201212	0.557408702742998	0.0	0.88	0.7	0.821428571428571	0.742857142857143	0.674987407201212
US	retail-department-stores	0.803520417990655	0.771947423712861	0.0	0.69948717948718	0.87	1.0	0.370689655172414	0.803520417990655
GB	uk-take-away-food-supplier	0.234031428571429	1.0	0.0	0.3	0.02	0.214285714285714	0.0	0.234031428571429
US	home-services-moving-&-storage	0.892600843716897	0.999024729448232	0.0	0.770487804878049	0.86	1.0	0.463157894736842	0.892600843716897
US	health-care-dentists	0.825717094215511	0.98314934933068	0.0	0.604492753623188	0.615	1.0	0.5	0.825717094215511
US	beauty-skin-care	0.745696376719726	0.973342945686516	0.0	0.38	0.38	1.0	0.708333333333333	0.745696376719726
US	health-care-home-care	0.694294418704290	0.988428842836743	0.0	0.45	0.245	0.571428571428571	0.714285714285714	0.694294418704290
US	restaurants-fast-food	0.797860891033450	0.827251823560347	0.0	0.653069306930693	0.86	1.0	0.634057971014493	0.797860891033450
US	retail-supermarkets	0.873483485487776	0.919862160020976	0.0	0.88	0.88	0.904761904761905	0.601307189542484	0.873483485487776
US	default-default	0.812030681271434	0.988994905811968	0.0	0.558139534883721	0.625	1.0	0.168539325842697	0.812030681271434
US	technology-technology-other	0.734224405315278	0.72402862069781	0.0	0.38452380952381	0.925	1.0	0.216937354988399	0.734224405315278
US	home-services-interior-design	0.512702501641471	0.492236547418118	0.0	0.38	0.38	0.857142857142857	0.865384615384615	0.512702501641471
US	real-estate-real-estate-other	0.488000164109193	0.43942753436793	0.0	0.665714285714286	0.525	0.5	0.911764705882353	0.488000164109193
US	pets-veterinarians	0.799895389979446	0.844786068427	0.0	0.682525252525253	0.78	0.75	0.614285714285714	0.799895389979446
US	beauty-hair-grooming	0.687218871977934	0.790541915601227	0.0	0.473333333333333	0.555	0.75	0.813333333333333	0.687218871977934
US	technology-technology-other	0.821428316681559	0.986664085344171	0.0	0.543636363636364	0.555	0.964285714285714	0.488888888888889	0.821428316681559
US	entertainment-amusement-park	0.621307276448482	0.463068059879809	0.0	0.692413793103448	0.895	0.714285714285714	0.300699300699301	0.621307276448482
US	automotive-repair-&-service	0.833400793650794	1.0	0.0	0.88	0.625	0.714285714285714	0.666666666666667	0.833400793650794
US	retail-retail-other	0.786960389610390	1.0	0.0	0.5	0.5	0.714285714285714	0.872727272727273	0.786960389610390
US	hospitality-&-travel-hospitality-&-travel-other	0.767817311973022	0.867557737591268	0.0	0.599345794392523	0.615	1.0	0.49800796812749	0.767817311973022
US	retail-department-stores	0.821564093877905	0.784461605920737	0.0	0.75	0.9	1.0	0.348837209302326	0.821564093877905
US	real-estate-real-estate-agency	0.782963173384273	0.858189708028687	0.0	0.88	0.725	0.619047619047619	0.318181818181818	0.782963173384273
US	beauty-spa	0.682786484656569	0.80969830802261	0.0	0.43	0.43	1.0	0.725490196078431	0.682786484656569
US	technology-mobile-provider	0.788477272727273	1.0	0.0	0.5	0.5	1.0	0.090909090909091	0.788477272727273
US	home-services-cleaning	0.674193754914408	0.819967818581397	0.0	0.88	0.3	0.321428571428572	0.666666666666667	0.674193754914408
US	real-estate-property-management	0.827614335356656	0.980687583677179	0.0	0.59	0.59	1.0	0.526881720430108	0.827614335356656
US	financial-services-banks	0.704543412588178	0.905433592259645	0.0	0.5	0.45	0.678571428571429	0.238095238095238	0.704543412588178
US	restaurants-fast-food	0.779522815739788	0.811639498303489	0.0	0.562389078498293	0.86	1.0	0.529531568228106	0.779522815739788
US	automotive-tires	0.502096232526258	0.315760159584467	0.0	0.549382716049383	0.6	1.0	0.237410071942446	0.502096232526258
US	home-services-moving-&-storage	0.886553972166291	0.998900652727637	0.0	0.723870967741936	0.86	1.0	0.516129032258065	0.886553972166291
GB	legal-legal-other	0.290561222686615	0.93729556392982	0.0	0.3	0.15	0.190476190476191	0.0	0.290561222686615
US	automotive-parts	0.841995221503698	0.815800998496451	0.0	0.88	0.88	1.0	0.622950819672131	0.841995221503698
GB	financial-services-accounting	0.571530149175217	0.660155066343979	0.0	0.43	0.43	0.666666666666667	0.5625	0.571530149175217
US	financial-services-accounting	0.377196989556210	0.928813074135833	0.0	0.0458945	0.04	0.035714285714286	0.0	0.377196989556210
US	health-care-physicians	0.742235766713269	0.963281087590013	0.0	0.416774193548387	0.395	0.714285714285714	0.783333333333333	0.742235766713269
US	health-care-optometrist-&-opthamologist	0.483190787225073	0.492138632820848	0.0	0.37	0.37	0.571428571428571	0.5	0.483190787225073
GB	restaurants-restaurants-other	0.580447030720958	0.862721338242298	0.0	0.048571428571429	0.05921568627451	1.0	0.671641791044776	0.580447030720958
US	hospitality-&-travel-hospitality-&-travel-other	0.748275483183472	0.927526029470282	0.0	0.410434782608696	0.505	0.892857142857143	0.767726161369193	0.748275483183472
US	hospitality-&-travel-hospitality-&-travel-other	0.706461528245216	0.74450056784738	0.0	0.59	0.59	1.0	0.71875	0.706461528245216
US	home-services-interior-design	0.666413521266170	0.830650772263321	0.0	0.4	0.4	0.678571428571429	0.8125	0.666413521266170
GB	beauty-spa	0.679088389216506	0.98471603191627	0.0	0.43	0.43	0.190476190476191	0.384615384615385	0.679088389216506
US	entertainment-live-performance-&-sports	0.534880602662599	0.28963265455418	0.0	0.655274725274725	0.93	1.0	0.387862796833773	0.534880602662599
US	entertainment-live-performance-&-sports	0.498899248511447	0.260797058448081	0.0	0.526190476190476	0.93	1.0	0.266497461928934	0.498899248511447
MX	entertainment-museums-and-parks	0.590768085754453	0.764780749904223	0.0	0.330617284	0.330617284	1.0	0.025157232704403	0.590768085754453
US	wedding-&-special-events-entertainers	0.100000000000000	0.0	0.0	0.0	0.0	0.0	0.0	0.100000000000000
US	health-care-senior-care	0.792625676135925	0.90832234461877	0.0	0.7025	0.525	1.0	0.909090909090909	0.792625676135925
US	entertainment-live-performance-&-sports	0.519073614358864	0.339902419974358	0.0	0.454761904761905	0.855	1.0	0.321428571428572	0.519073614358864
US	financial-services-accounting	0.479777830153172	1.0	0.0	0.043912625	0.05	0.0	0.0	0.479777830153172
GB	uk-take-away-food-supplier	0.192713409959897	0.735127118152493	0.0	0.43	0.02	0.035714285714286	0.333333333333333	0.192713409959897
US	home-services-moving-&-storage	0.891373618499301	0.971945773055926	0.0	0.86	0.86	1.0	0.390243902439024	0.891373618499301
US	entertainment-other	0.467859342137049	0.269872884911074	0.0	0.302427184466019	0.93	1.0	0.196596244131455	0.467859342137049
GB	restaurants-restaurants-other	0.605404751158647	0.760690821653975	0.0	0.312682926829268	0.333725490196078	0.928571428571429	0.593333333333333	0.605404751158647
US	technology-technology-other	0.465889919224546	0.406398491509087	0.0	0.4	0.4	0.714285714285714	0.793478260869565	0.465889919224546
US	entertainment-amusement-park	0.715004255661133	0.558736576179183	0.0	0.88	0.88	1.0	0.493333333333333	0.715004255661133
US	home-services-landscaping	0.156352990873724	0.281958361685227	0.0	0.5	0.02	0.071428571428571	0.9375	0.156352990873724
US	health-care-plastic-&-cosmetic-surgeons	0.558648740425640	0.643728224282686	0.0	0.323255813953488	0.3	0.785714285714286	0.741573033707865	0.558648740425640
GB	beauty-skin-care	0.665300946391313	0.936492762069931	0.0	0.175971223021583	0.265	1.0	0.821428571428571	0.665300946391313
US	health-care-senior-care	0.801461007957157	0.948623905794919	0.0	0.648235294117647	0.61	1.0	0.5	0.801461007957157
